Ramal,Id Origen,Origen,Id Destino,Destino,Pax,lon_origen,lat_origen,lon_destino,lat_destino,dist_retiro
Retiro - Tigre,0,Retiro (Tigre),38,Retiro (Tigre),13947,"-58,3752","-34,5913","-58,3752","-34,5913","0,000"
Retiro - Tigre,0,Retiro (Tigre),39,L. de la Torre,157773,"-58,3752","-34,5913","-58,4367","-34,5625","0,000"
Retiro - Tigre,0,Retiro (Tigre),40,Belgrano C,695548,"-58,3752","-34,5913","-58,4495","-34,5584","0,000"
Retiro - Tigre,0,Retiro (Tigre),41,Nuñez,350056,"-58,3752","-34,5913","-58,4624","-34,5489","0,000"
Retiro - Tigre,0,Retiro (Tigre),42,Rivadavia,215139,"-58,3752","-34,5913","-58,4683","-34,5362","0,000"
Retiro - Tigre,0,Retiro (Tigre),43,Vicente Lopez,198956,"-58,3752","-34,5913","-58,4728","-34,5242","0,000"
Retiro - Tigre,0,Retiro (Tigre),44,Olivos,196459,"-58,3752","-34,5913","-58,4801","-34,5082","0,000"
Retiro - Tigre,0,Retiro (Tigre),45,La Lucila,142697,"-58,3752","-34,5913","-58,4887","-34,4972","0,000"
Retiro - Tigre,0,Retiro (Tigre),46,Martinez,289957,"-58,3752","-34,5913","-58,4970","-34,4877","0,000"
Retiro - Tigre,0,Retiro (Tigre),47,Acassuso,148601,"-58,3752","-34,5913","-58,5038","-34,4797","0,000"
Retiro - Tigre,0,Retiro (Tigre),48,San Isidro,399526,"-58,3752","-34,5913","-58,5138","-34,4714","0,000"
Retiro - Tigre,0,Retiro (Tigre),49,Beccar,175141,"-58,3752","-34,5913","-58,5261","-34,4612","0,000"
Retiro - Tigre,0,Retiro (Tigre),50,Victoria,99470,"-58,3752","-34,5913","-58,5408","-34,4566","0,000"
Retiro - Tigre,0,Retiro (Tigre),51,Virreyes,151351,"-58,3752","-34,5913","-58,5506","-34,4507","0,000"
Retiro - Tigre,0,Retiro (Tigre),52,San Fernando,113802,"-58,3752","-34,5913","-58,5592","-34,4439","0,000"
Retiro - Tigre,0,Retiro (Tigre),53,Carupa,120604,"-58,3752","-34,5913","-58,5671","-34,4377","0,000"
Retiro - Tigre,0,Retiro (Tigre),54,Tigre,455389,"-58,3752","-34,5913","-58,5819","-34,4235","0,000"
Retiro - Tigre,1,L. de la Torre,38,Retiro (Tigre),158500,"-58,4367","-34,5625","-58,3752","-34,5913","6,704"
Retiro - Tigre,1,L. de la Torre,39,L. de la Torre,1512,"-58,4367","-34,5625","-58,4367","-34,5625","6,704"
Retiro - Tigre,1,L. de la Torre,40,Belgrano C,9953,"-58,4367","-34,5625","-58,4495","-34,5584","6,704"
Retiro - Tigre,1,L. de la Torre,41,Nuñez,6870,"-58,4367","-34,5625","-58,4624","-34,5489","6,704"
Retiro - Tigre,1,L. de la Torre,42,Rivadavia,9398,"-58,4367","-34,5625","-58,4683","-34,5362","6,704"
Retiro - Tigre,1,L. de la Torre,43,Vicente Lopez,9742,"-58,4367","-34,5625","-58,4728","-34,5242","6,704"
Retiro - Tigre,1,L. de la Torre,44,Olivos,11357,"-58,4367","-34,5625","-58,4801","-34,5082","6,704"
Retiro - Tigre,1,L. de la Torre,45,La Lucila,6208,"-58,4367","-34,5625","-58,4887","-34,4972","6,704"
Retiro - Tigre,1,L. de la Torre,46,Martinez,22217,"-58,4367","-34,5625","-58,4970","-34,4877","6,704"
Retiro - Tigre,1,L. de la Torre,47,Acassuso,12164,"-58,4367","-34,5625","-58,5038","-34,4797","6,704"
Retiro - Tigre,1,L. de la Torre,48,San Isidro,22217,"-58,4367","-34,5625","-58,5138","-34,4714","6,704"
Retiro - Tigre,1,L. de la Torre,49,Beccar,11868,"-58,4367","-34,5625","-58,5261","-34,4612","6,704"
Retiro - Tigre,1,L. de la Torre,50,Victoria,8934,"-58,4367","-34,5625","-58,5408","-34,4566","6,704"
Retiro - Tigre,1,L. de la Torre,51,Virreyes,11996,"-58,4367","-34,5625","-58,5506","-34,4507","6,704"
Retiro - Tigre,1,L. de la Torre,52,San Fernando,9377,"-58,4367","-34,5625","-58,5592","-34,4439","6,704"
Retiro - Tigre,1,L. de la Torre,53,Carupa,7577,"-58,4367","-34,5625","-58,5671","-34,4377","6,704"
Retiro - Tigre,1,L. de la Torre,54,Tigre,29165,"-58,4367","-34,5625","-58,5819","-34,4235","6,704"
Retiro - Tigre,2,Belgrano C,38,Retiro (Tigre),849990,"-58,4495","-34,5584","-58,3752","-34,5913","7,991"
Retiro - Tigre,2,Belgrano C,48,San Isidro,275959,"-58,4495","-34,5584","-58,5138","-34,4714","7,991"
Retiro - Tigre,2,Belgrano C,54,Tigre,265020,"-58,4495","-34,5584","-58,5819","-34,4235","7,991"
Retiro - Tigre,2,Belgrano C,46,Martinez,146066,"-58,4495","-34,5584","-58,4970","-34,4877","7,991"
Retiro - Tigre,2,Belgrano C,51,Virreyes,104940,"-58,4495","-34,5584","-58,5506","-34,4507","7,991"
Retiro - Tigre,2,Belgrano C,49,Beccar,96020,"-58,4495","-34,5584","-58,5261","-34,4612","7,991"
Retiro - Tigre,2,Belgrano C,44,Olivos,87071,"-58,4495","-34,5584","-58,4801","-34,5082","7,991"
Retiro - Tigre,2,Belgrano C,52,San Fernando,86325,"-58,4495","-34,5584","-58,5592","-34,4439","7,991"
Retiro - Tigre,2,Belgrano C,47,Acassuso,85250,"-58,4495","-34,5584","-58,5038","-34,4797","7,991"
Retiro - Tigre,2,Belgrano C,43,Vicente Lopez,80679,"-58,4495","-34,5584","-58,4728","-34,5242","7,991"
Retiro - Tigre,2,Belgrano C,50,Victoria,69259,"-58,4495","-34,5584","-58,5408","-34,4566","7,991"
Retiro - Tigre,2,Belgrano C,53,Carupa,65516,"-58,4495","-34,5584","-58,5671","-34,4377","7,991"
Retiro - Tigre,2,Belgrano C,42,Rivadavia,63003,"-58,4495","-34,5584","-58,4683","-34,5362","7,991"
Retiro - Tigre,2,Belgrano C,45,La Lucila,48280,"-58,4495","-34,5584","-58,4887","-34,4972","7,991"
Retiro - Tigre,2,Belgrano C,41,Nuñez,41837,"-58,4495","-34,5584","-58,4624","-34,5489","7,991"
Retiro - Tigre,2,Belgrano C,40,Belgrano C,30492,"-58,4495","-34,5584","-58,4495","-34,5584","7,991"
Retiro - Tigre,2,Belgrano C,39,L. de la Torre,10495,"-58,4495","-34,5584","-58,4367","-34,5625","7,991"
Retiro - Tigre,3,Nuñez,38,Retiro (Tigre),359760,"-58,4624","-34,5489","-58,3752","-34,5913","9,602"
Retiro - Tigre,3,Nuñez,39,L. de la Torre,7790,"-58,4624","-34,5489","-58,4367","-34,5625","9,602"
Retiro - Tigre,3,Nuñez,40,Belgrano C,40081,"-58,4624","-34,5489","-58,4495","-34,5584","9,602"
Retiro - Tigre,3,Nuñez,41,Nuñez,1477,"-58,4624","-34,5489","-58,4624","-34,5489","9,602"
Retiro - Tigre,3,Nuñez,42,Rivadavia,13367,"-58,4624","-34,5489","-58,4683","-34,5362","9,602"
Retiro - Tigre,3,Nuñez,43,Vicente Lopez,10494,"-58,4624","-34,5489","-58,4728","-34,5242","9,602"
Retiro - Tigre,3,Nuñez,44,Olivos,11411,"-58,4624","-34,5489","-58,4801","-34,5082","9,602"
Retiro - Tigre,3,Nuñez,45,La Lucila,5233,"-58,4624","-34,5489","-58,4887","-34,4972","9,602"
Retiro - Tigre,3,Nuñez,46,Martinez,22549,"-58,4624","-34,5489","-58,4970","-34,4877","9,602"
Retiro - Tigre,3,Nuñez,47,Acassuso,7653,"-58,4624","-34,5489","-58,5038","-34,4797","9,602"
Retiro - Tigre,3,Nuñez,48,San Isidro,41442,"-58,4624","-34,5489","-58,5138","-34,4714","9,602"
Retiro - Tigre,3,Nuñez,49,Beccar,6852,"-58,4624","-34,5489","-58,5261","-34,4612","9,602"
Retiro - Tigre,3,Nuñez,50,Victoria,6249,"-58,4624","-34,5489","-58,5408","-34,4566","9,602"
Retiro - Tigre,3,Nuñez,51,Virreyes,4581,"-58,4624","-34,5489","-58,5506","-34,4507","9,602"
Retiro - Tigre,3,Nuñez,52,San Fernando,5347,"-58,4624","-34,5489","-58,5592","-34,4439","9,602"
Retiro - Tigre,3,Nuñez,53,Carupa,2928,"-58,4624","-34,5489","-58,5671","-34,4377","9,602"
Retiro - Tigre,3,Nuñez,54,Tigre,26511,"-58,4624","-34,5489","-58,5819","-34,4235","9,602"
Retiro - Tigre,4,Rivadavia,38,Retiro (Tigre),214369,"-58,4683","-34,5362","-58,3752","-34,5913","11,124"
Retiro - Tigre,4,Rivadavia,39,L. de la Torre,9066,"-58,4683","-34,5362","-58,4367","-34,5625","11,124"
Retiro - Tigre,4,Rivadavia,40,Belgrano C,55838,"-58,4683","-34,5362","-58,4495","-34,5584","11,124"
Retiro - Tigre,4,Rivadavia,41,Nuñez,8399,"-58,4683","-34,5362","-58,4624","-34,5489","11,124"
Retiro - Tigre,4,Rivadavia,42,Rivadavia,1729,"-58,4683","-34,5362","-58,4683","-34,5362","11,124"
Retiro - Tigre,4,Rivadavia,43,Vicente Lopez,9289,"-58,4683","-34,5362","-58,4728","-34,5242","11,124"
Retiro - Tigre,4,Rivadavia,44,Olivos,22860,"-58,4683","-34,5362","-58,4801","-34,5082","11,124"
Retiro - Tigre,4,Rivadavia,45,La Lucila,11996,"-58,4683","-34,5362","-58,4887","-34,4972","11,124"
Retiro - Tigre,4,Rivadavia,46,Martinez,27964,"-58,4683","-34,5362","-58,4970","-34,4877","11,124"
Retiro - Tigre,4,Rivadavia,47,Acassuso,13654,"-58,4683","-34,5362","-58,5038","-34,4797","11,124"
Retiro - Tigre,4,Rivadavia,48,San Isidro,47935,"-58,4683","-34,5362","-58,5138","-34,4714","11,124"
Retiro - Tigre,4,Rivadavia,49,Beccar,12523,"-58,4683","-34,5362","-58,5261","-34,4612","11,124"
Retiro - Tigre,4,Rivadavia,50,Victoria,9673,"-58,4683","-34,5362","-58,5408","-34,4566","11,124"
Retiro - Tigre,4,Rivadavia,51,Virreyes,9509,"-58,4683","-34,5362","-58,5506","-34,4507","11,124"
Retiro - Tigre,4,Rivadavia,52,San Fernando,10262,"-58,4683","-34,5362","-58,5592","-34,4439","11,124"
Retiro - Tigre,4,Rivadavia,53,Carupa,6031,"-58,4683","-34,5362","-58,5671","-34,4377","11,124"
Retiro - Tigre,4,Rivadavia,54,Tigre,26089,"-58,4683","-34,5362","-58,5819","-34,4235","11,124"
Retiro - Tigre,5,Vicente Lopez,38,Retiro (Tigre),200145,"-58,4728","-34,5242","-58,3752","-34,5913","12,475"
Retiro - Tigre,5,Vicente Lopez,39,L. de la Torre,10640,"-58,4728","-34,5242","-58,4367","-34,5625","12,475"
Retiro - Tigre,5,Vicente Lopez,40,Belgrano C,76380,"-58,4728","-34,5242","-58,4495","-34,5584","12,475"
Retiro - Tigre,5,Vicente Lopez,41,Nuñez,10096,"-58,4728","-34,5242","-58,4624","-34,5489","12,475"
Retiro - Tigre,5,Vicente Lopez,42,Rivadavia,4577,"-58,4728","-34,5242","-58,4683","-34,5362","12,475"
Retiro - Tigre,5,Vicente Lopez,43,Vicente Lopez,1599,"-58,4728","-34,5242","-58,4728","-34,5242","12,475"
Retiro - Tigre,5,Vicente Lopez,44,Olivos,8899,"-58,4728","-34,5242","-58,4801","-34,5082","12,475"
Retiro - Tigre,5,Vicente Lopez,45,La Lucila,5322,"-58,4728","-34,5242","-58,4887","-34,4972","12,475"
Retiro - Tigre,5,Vicente Lopez,46,Martinez,22124,"-58,4728","-34,5242","-58,4970","-34,4877","12,475"
Retiro - Tigre,5,Vicente Lopez,47,Acassuso,5753,"-58,4728","-34,5242","-58,5038","-34,4797","12,475"
Retiro - Tigre,5,Vicente Lopez,48,San Isidro,36897,"-58,4728","-34,5242","-58,5138","-34,4714","12,475"
Retiro - Tigre,5,Vicente Lopez,49,Beccar,5147,"-58,4728","-34,5242","-58,5261","-34,4612","12,475"
Retiro - Tigre,5,Vicente Lopez,50,Victoria,4170,"-58,4728","-34,5242","-58,5408","-34,4566","12,475"
Retiro - Tigre,5,Vicente Lopez,51,Virreyes,5574,"-58,4728","-34,5242","-58,5506","-34,4507","12,475"
Retiro - Tigre,5,Vicente Lopez,52,San Fernando,5192,"-58,4728","-34,5242","-58,5592","-34,4439","12,475"
Retiro - Tigre,5,Vicente Lopez,53,Carupa,4085,"-58,4728","-34,5242","-58,5671","-34,4377","12,475"
Retiro - Tigre,5,Vicente Lopez,54,Tigre,20817,"-58,4728","-34,5242","-58,5819","-34,4235","12,475"
Retiro - Tigre,6,Olivos,38,Retiro (Tigre),198092,"-58,4801","-34,5082","-58,3752","-34,5913","14,371"
Retiro - Tigre,6,Olivos,39,L. de la Torre,13176,"-58,4801","-34,5082","-58,4367","-34,5625","14,371"
Retiro - Tigre,6,Olivos,40,Belgrano C,85490,"-58,4801","-34,5082","-58,4495","-34,5584","14,371"
Retiro - Tigre,6,Olivos,41,Nuñez,12598,"-58,4801","-34,5082","-58,4624","-34,5489","14,371"
Retiro - Tigre,6,Olivos,42,Rivadavia,13740,"-58,4801","-34,5082","-58,4683","-34,5362","14,371"
Retiro - Tigre,6,Olivos,43,Vicente Lopez,9694,"-58,4801","-34,5082","-58,4728","-34,5242","14,371"
Retiro - Tigre,6,Olivos,44,Olivos,3158,"-58,4801","-34,5082","-58,4801","-34,5082","14,371"
Retiro - Tigre,6,Olivos,45,La Lucila,4444,"-58,4801","-34,5082","-58,4887","-34,4972","14,371"
Retiro - Tigre,6,Olivos,46,Martinez,29038,"-58,4801","-34,5082","-58,4970","-34,4877","14,371"
Retiro - Tigre,6,Olivos,47,Acassuso,5496,"-58,4801","-34,5082","-58,5038","-34,4797","14,371"
Retiro - Tigre,6,Olivos,48,San Isidro,42024,"-58,4801","-34,5082","-58,5138","-34,4714","14,371"
Retiro - Tigre,6,Olivos,49,Beccar,4505,"-58,4801","-34,5082","-58,5261","-34,4612","14,371"
Retiro - Tigre,6,Olivos,50,Victoria,3397,"-58,4801","-34,5082","-58,5408","-34,4566","14,371"
Retiro - Tigre,6,Olivos,51,Virreyes,6644,"-58,4801","-34,5082","-58,5506","-34,4507","14,371"
Retiro - Tigre,6,Olivos,52,San Fernando,4312,"-58,4801","-34,5082","-58,5592","-34,4439","14,371"
Retiro - Tigre,6,Olivos,53,Carupa,5246,"-58,4801","-34,5082","-58,5671","-34,4377","14,371"
Retiro - Tigre,6,Olivos,54,Tigre,20773,"-58,4801","-34,5082","-58,5819","-34,4235","14,371"
Retiro - Tigre,7,La Lucila,38,Retiro (Tigre),142063,"-58,4887","-34,4972","-58,3752","-34,5913","15,840"
Retiro - Tigre,7,La Lucila,39,L. de la Torre,6735,"-58,4887","-34,4972","-58,4367","-34,5625","15,840"
Retiro - Tigre,7,La Lucila,40,Belgrano C,45890,"-58,4887","-34,4972","-58,4495","-34,5584","15,840"
Retiro - Tigre,7,La Lucila,41,Nuñez,6272,"-58,4887","-34,4972","-58,4624","-34,5489","15,840"
Retiro - Tigre,7,La Lucila,42,Rivadavia,6819,"-58,4887","-34,4972","-58,4683","-34,5362","15,840"
Retiro - Tigre,7,La Lucila,43,Vicente Lopez,6154,"-58,4887","-34,4972","-58,4728","-34,5242","15,840"
Retiro - Tigre,7,La Lucila,44,Olivos,4104,"-58,4887","-34,4972","-58,4801","-34,5082","15,840"
Retiro - Tigre,7,La Lucila,45,La Lucila,575,"-58,4887","-34,4972","-58,4887","-34,4972","15,840"
Retiro - Tigre,7,La Lucila,46,Martinez,12265,"-58,4887","-34,4972","-58,4970","-34,4877","15,840"
Retiro - Tigre,7,La Lucila,47,Acassuso,2241,"-58,4887","-34,4972","-58,5038","-34,4797","15,840"
Retiro - Tigre,7,La Lucila,48,San Isidro,28452,"-58,4887","-34,4972","-58,5138","-34,4714","15,840"
Retiro - Tigre,7,La Lucila,49,Beccar,1829,"-58,4887","-34,4972","-58,5261","-34,4612","15,840"
Retiro - Tigre,7,La Lucila,50,Victoria,2444,"-58,4887","-34,4972","-58,5408","-34,4566","15,840"
Retiro - Tigre,7,La Lucila,51,Virreyes,3937,"-58,4887","-34,4972","-58,5506","-34,4507","15,840"
Retiro - Tigre,7,La Lucila,52,San Fernando,2584,"-58,4887","-34,4972","-58,5592","-34,4439","15,840"
Retiro - Tigre,7,La Lucila,53,Carupa,2441,"-58,4887","-34,4972","-58,5671","-34,4377","15,840"
Retiro - Tigre,7,La Lucila,54,Tigre,12951,"-58,4887","-34,4972","-58,5819","-34,4235","15,840"
Retiro - Tigre,8,Martinez,38,Retiro (Tigre),279252,"-58,4970","-34,4877","-58,3752","-34,5913","17,169"
Retiro - Tigre,8,Martinez,39,L. de la Torre,22130,"-58,4970","-34,4877","-58,4367","-34,5625","17,169"
Retiro - Tigre,8,Martinez,40,Belgrano C,142231,"-58,4970","-34,4877","-58,4495","-34,5584","17,169"
Retiro - Tigre,8,Martinez,41,Nuñez,27710,"-58,4970","-34,4877","-58,4624","-34,5489","17,169"
Retiro - Tigre,8,Martinez,42,Rivadavia,26122,"-58,4970","-34,4877","-58,4683","-34,5362","17,169"
Retiro - Tigre,8,Martinez,43,Vicente Lopez,27059,"-58,4970","-34,4877","-58,4728","-34,5242","17,169"
Retiro - Tigre,8,Martinez,44,Olivos,35259,"-58,4970","-34,4877","-58,4801","-34,5082","17,169"
Retiro - Tigre,8,Martinez,45,La Lucila,19199,"-58,4970","-34,4877","-58,4887","-34,4972","17,169"
Retiro - Tigre,8,Martinez,46,Martinez,4186,"-58,4970","-34,4877","-58,4970","-34,4877","17,169"
Retiro - Tigre,8,Martinez,47,Acassuso,9601,"-58,4970","-34,4877","-58,5038","-34,4797","17,169"
Retiro - Tigre,8,Martinez,48,San Isidro,61411,"-58,4970","-34,4877","-58,5138","-34,4714","17,169"
Retiro - Tigre,8,Martinez,49,Beccar,13841,"-58,4970","-34,4877","-58,5261","-34,4612","17,169"
Retiro - Tigre,8,Martinez,50,Victoria,14848,"-58,4970","-34,4877","-58,5408","-34,4566","17,169"
Retiro - Tigre,8,Martinez,51,Virreyes,26727,"-58,4970","-34,4877","-58,5506","-34,4507","17,169"
Retiro - Tigre,8,Martinez,52,San Fernando,22090,"-58,4970","-34,4877","-58,5592","-34,4439","17,169"
Retiro - Tigre,8,Martinez,53,Carupa,25334,"-58,4970","-34,4877","-58,5671","-34,4377","17,169"
Retiro - Tigre,8,Martinez,54,Tigre,44205,"-58,4970","-34,4877","-58,5819","-34,4235","17,169"
Retiro - Tigre,9,Acassuso,38,Retiro (Tigre),155743,"-58,5038","-34,4797","-58,3752","-34,5913","18,288"
Retiro - Tigre,9,Acassuso,39,L. de la Torre,11088,"-58,5038","-34,4797","-58,4367","-34,5625","18,288"
Retiro - Tigre,9,Acassuso,40,Belgrano C,78732,"-58,5038","-34,4797","-58,4495","-34,5584","18,288"
Retiro - Tigre,9,Acassuso,41,Nuñez,7591,"-58,5038","-34,4797","-58,4624","-34,5489","18,288"
Retiro - Tigre,9,Acassuso,42,Rivadavia,7265,"-58,5038","-34,4797","-58,4683","-34,5362","18,288"
Retiro - Tigre,9,Acassuso,43,Vicente Lopez,5764,"-58,5038","-34,4797","-58,4728","-34,5242","18,288"
Retiro - Tigre,9,Acassuso,44,Olivos,4950,"-58,5038","-34,4797","-58,4801","-34,5082","18,288"
Retiro - Tigre,9,Acassuso,45,La Lucila,2928,"-58,5038","-34,4797","-58,4887","-34,4972","18,288"
Retiro - Tigre,9,Acassuso,46,Martinez,8982,"-58,5038","-34,4797","-58,4970","-34,4877","18,288"
Retiro - Tigre,9,Acassuso,47,Acassuso,822,"-58,5038","-34,4797","-58,5038","-34,4797","18,288"
Retiro - Tigre,9,Acassuso,48,San Isidro,19620,"-58,5038","-34,4797","-58,5138","-34,4714","18,288"
Retiro - Tigre,9,Acassuso,49,Beccar,2730,"-58,5038","-34,4797","-58,5261","-34,4612","18,288"
Retiro - Tigre,9,Acassuso,50,Victoria,4173,"-58,5038","-34,4797","-58,5408","-34,4566","18,288"
Retiro - Tigre,9,Acassuso,51,Virreyes,2669,"-58,5038","-34,4797","-58,5506","-34,4507","18,288"
Retiro - Tigre,9,Acassuso,52,San Fernando,3022,"-58,5038","-34,4797","-58,5592","-34,4439","18,288"
Retiro - Tigre,9,Acassuso,53,Carupa,3248,"-58,5038","-34,4797","-58,5671","-34,4377","18,288"
Retiro - Tigre,9,Acassuso,54,Tigre,17876,"-58,5038","-34,4797","-58,5819","-34,4235","18,288"
Retiro - Tigre,10,San Isidro,38,Retiro (Tigre),412956,"-58,5138","-34,4714","-58,3752","-34,5913","19,549"
Retiro - Tigre,10,San Isidro,39,L. de la Torre,35330,"-58,5138","-34,4714","-58,4367","-34,5625","19,549"
Retiro - Tigre,10,San Isidro,40,Belgrano C,285902,"-58,5138","-34,4714","-58,4495","-34,5584","19,549"
Retiro - Tigre,10,San Isidro,41,Nuñez,46127,"-58,5138","-34,4714","-58,4624","-34,5489","19,549"
Retiro - Tigre,10,San Isidro,42,Rivadavia,41882,"-58,5138","-34,4714","-58,4683","-34,5362","19,549"
Retiro - Tigre,10,San Isidro,43,Vicente Lopez,44113,"-58,5138","-34,4714","-58,4728","-34,5242","19,549"
Retiro - Tigre,10,San Isidro,44,Olivos,47513,"-58,5138","-34,4714","-58,4801","-34,5082","19,549"
Retiro - Tigre,10,San Isidro,45,La Lucila,35358,"-58,5138","-34,4714","-58,4887","-34,4972","19,549"
Retiro - Tigre,10,San Isidro,46,Martinez,81041,"-58,5138","-34,4714","-58,4970","-34,4877","19,549"
Retiro - Tigre,10,San Isidro,47,Acassuso,31531,"-58,5138","-34,4714","-58,5038","-34,4797","19,549"
Retiro - Tigre,10,San Isidro,48,San Isidro,9280,"-58,5138","-34,4714","-58,5138","-34,4714","19,549"
Retiro - Tigre,10,San Isidro,49,Beccar,38418,"-58,5138","-34,4714","-58,5261","-34,4612","19,549"
Retiro - Tigre,10,San Isidro,50,Victoria,3828,"-58,5138","-34,4714","-58,5408","-34,4566","19,549"
Retiro - Tigre,10,San Isidro,51,Virreyes,46169,"-58,5138","-34,4714","-58,5506","-34,4507","19,549"
Retiro - Tigre,10,San Isidro,52,San Fernando,58509,"-58,5138","-34,4714","-58,5592","-34,4439","19,549"
Retiro - Tigre,10,San Isidro,53,Carupa,50897,"-58,5138","-34,4714","-58,5671","-34,4377","19,549"
Retiro - Tigre,10,San Isidro,54,Tigre,120739,"-58,5138","-34,4714","-58,5819","-34,4235","19,549"
Retiro - Tigre,11,Beccar,38,Retiro (Tigre),200110,"-58,5261","-34,4612","-58,3752","-34,5913","21,239"
Retiro - Tigre,11,Beccar,39,L. de la Torre,13115,"-58,5261","-34,4612","-58,4367","-34,5625","21,239"
Retiro - Tigre,11,Beccar,40,Belgrano C,108338,"-58,5261","-34,4612","-58,4495","-34,5584","21,239"
Retiro - Tigre,11,Beccar,41,Nuñez,10873,"-58,5261","-34,4612","-58,4624","-34,5489","21,239"
Retiro - Tigre,11,Beccar,42,Rivadavia,9552,"-58,5261","-34,4612","-58,4683","-34,5362","21,239"
Retiro - Tigre,11,Beccar,43,Vicente Lopez,7037,"-58,5261","-34,4612","-58,4728","-34,5242","21,239"
Retiro - Tigre,11,Beccar,44,Olivos,6618,"-58,5261","-34,4612","-58,4801","-34,5082","21,239"
Retiro - Tigre,11,Beccar,45,La Lucila,3777,"-58,5261","-34,4612","-58,4887","-34,4972","21,239"
Retiro - Tigre,11,Beccar,46,Martinez,16562,"-58,5261","-34,4612","-58,4970","-34,4877","21,239"
Retiro - Tigre,11,Beccar,47,Acassuso,4351,"-58,5261","-34,4612","-58,5038","-34,4797","21,239"
Retiro - Tigre,11,Beccar,48,San Isidro,38938,"-58,5261","-34,4612","-58,5138","-34,4714","21,239"
Retiro - Tigre,11,Beccar,49,Beccar,874,"-58,5261","-34,4612","-58,5261","-34,4612","21,239"
Retiro - Tigre,11,Beccar,50,Victoria,3565,"-58,5261","-34,4612","-58,5408","-34,4566","21,239"
Retiro - Tigre,11,Beccar,51,Virreyes,2539,"-58,5261","-34,4612","-58,5506","-34,4507","21,239"
Retiro - Tigre,11,Beccar,52,San Fernando,4201,"-58,5261","-34,4612","-58,5592","-34,4439","21,239"
Retiro - Tigre,11,Beccar,53,Carupa,2909,"-58,5261","-34,4612","-58,5671","-34,4377","21,239"
Retiro - Tigre,11,Beccar,54,Tigre,26628,"-58,5261","-34,4612","-58,5819","-34,4235","21,239"
Retiro - Tigre,12,Victoria,38,Retiro (Tigre),124327,"-58,5408","-34,4566","-58,3752","-34,5913","22,716"
Retiro - Tigre,12,Victoria,39,L. de la Torre,11300,"-58,5408","-34,4566","-58,4367","-34,5625","22,716"
Retiro - Tigre,12,Victoria,40,Belgrano C,91073,"-58,5408","-34,4566","-58,4495","-34,5584","22,716"
Retiro - Tigre,12,Victoria,41,Nuñez,12057,"-58,5408","-34,4566","-58,4624","-34,5489","22,716"
Retiro - Tigre,12,Victoria,42,Rivadavia,10546,"-58,5408","-34,4566","-58,4683","-34,5362","22,716"
Retiro - Tigre,12,Victoria,43,Vicente Lopez,8664,"-58,5408","-34,4566","-58,4728","-34,5242","22,716"
Retiro - Tigre,12,Victoria,44,Olivos,9539,"-58,5408","-34,4566","-58,4801","-34,5082","22,716"
Retiro - Tigre,12,Victoria,45,La Lucila,6534,"-58,5408","-34,4566","-58,4887","-34,4972","22,716"
Retiro - Tigre,12,Victoria,46,Martinez,25036,"-58,5408","-34,4566","-58,4970","-34,4877","22,716"
Retiro - Tigre,12,Victoria,47,Acassuso,9829,"-58,5408","-34,4566","-58,5038","-34,4797","22,716"
Retiro - Tigre,12,Victoria,48,San Isidro,57777,"-58,5408","-34,4566","-58,5138","-34,4714","22,716"
Retiro - Tigre,12,Victoria,49,Beccar,8362,"-58,5408","-34,4566","-58,5261","-34,4612","22,716"
Retiro - Tigre,12,Victoria,50,Victoria,1744,"-58,5408","-34,4566","-58,5408","-34,4566","22,716"
Retiro - Tigre,12,Victoria,51,Virreyes,8267,"-58,5408","-34,4566","-58,5506","-34,4507","22,716"
Retiro - Tigre,12,Victoria,52,San Fernando,12402,"-58,5408","-34,4566","-58,5592","-34,4439","22,716"
Retiro - Tigre,12,Victoria,53,Carupa,10947,"-58,5408","-34,4566","-58,5671","-34,4377","22,716"
Retiro - Tigre,12,Victoria,54,Tigre,29459,"-58,5408","-34,4566","-58,5819","-34,4235","22,716"
Retiro - Tigre,13,Virreyes,38,Retiro (Tigre),190383,"-58,5506","-34,4507","-58,3752","-34,5913","23,800"
Retiro - Tigre,13,Virreyes,39,L. de la Torre,16890,"-58,5506","-34,4507","-58,4367","-34,5625","23,800"
Retiro - Tigre,13,Virreyes,40,Belgrano C,146661,"-58,5506","-34,4507","-58,4495","-34,5584","23,800"
Retiro - Tigre,13,Virreyes,41,Nuñez,15257,"-58,5506","-34,4507","-58,4624","-34,5489","23,800"
Retiro - Tigre,13,Virreyes,42,Rivadavia,14676,"-58,5506","-34,4507","-58,4683","-34,5362","23,800"
Retiro - Tigre,13,Virreyes,43,Vicente Lopez,20875,"-58,5506","-34,4507","-58,4728","-34,5242","23,800"
Retiro - Tigre,13,Virreyes,44,Olivos,30612,"-58,5506","-34,4507","-58,4801","-34,5082","23,800"
Retiro - Tigre,13,Virreyes,45,La Lucila,19417,"-58,5506","-34,4507","-58,4887","-34,4972","23,800"
Retiro - Tigre,13,Virreyes,46,Martinez,54584,"-58,5506","-34,4507","-58,4970","-34,4877","23,800"
Retiro - Tigre,13,Virreyes,47,Acassuso,15596,"-58,5506","-34,4507","-58,5038","-34,4797","23,800"
Retiro - Tigre,13,Virreyes,48,San Isidro,76373,"-58,5506","-34,4507","-58,5138","-34,4714","23,800"
Retiro - Tigre,13,Virreyes,49,Beccar,10246,"-58,5506","-34,4507","-58,5261","-34,4612","23,800"
Retiro - Tigre,13,Virreyes,50,Victoria,12063,"-58,5506","-34,4507","-58,5408","-34,4566","23,800"
Retiro - Tigre,13,Virreyes,51,Virreyes,2134,"-58,5506","-34,4507","-58,5506","-34,4507","23,800"
Retiro - Tigre,13,Virreyes,52,San Fernando,14895,"-58,5506","-34,4507","-58,5592","-34,4439","23,800"
Retiro - Tigre,13,Virreyes,53,Carupa,12458,"-58,5506","-34,4507","-58,5671","-34,4377","23,800"
Retiro - Tigre,13,Virreyes,54,Tigre,87610,"-58,5506","-34,4507","-58,5819","-34,4235","23,800"
Retiro - Tigre,14,San Fernando,38,Retiro (Tigre),148032,"-58,5592","-34,4439","-58,3752","-34,5913","24,884"
Retiro - Tigre,14,San Fernando,39,L. de la Torre,11592,"-58,5592","-34,4439","-58,4367","-34,5625","24,884"
Retiro - Tigre,14,San Fernando,40,Belgrano C,114121,"-58,5592","-34,4439","-58,4495","-34,5584","24,884"
Retiro - Tigre,14,San Fernando,41,Nuñez,14053,"-58,5592","-34,4439","-58,4624","-34,5489","24,884"
Retiro - Tigre,14,San Fernando,42,Rivadavia,12808,"-58,5592","-34,4439","-58,4683","-34,5362","24,884"
Retiro - Tigre,14,San Fernando,43,Vicente Lopez,13067,"-58,5592","-34,4439","-58,4728","-34,5242","24,884"
Retiro - Tigre,14,San Fernando,44,Olivos,13997,"-58,5592","-34,4439","-58,4801","-34,5082","24,884"
Retiro - Tigre,14,San Fernando,45,La Lucila,10855,"-58,5592","-34,4439","-58,4887","-34,4972","24,884"
Retiro - Tigre,14,San Fernando,46,Martinez,38885,"-58,5592","-34,4439","-58,4970","-34,4877","24,884"
Retiro - Tigre,14,San Fernando,47,Acassuso,14303,"-58,5592","-34,4439","-58,5038","-34,4797","24,884"
Retiro - Tigre,14,San Fernando,48,San Isidro,88967,"-58,5592","-34,4439","-58,5138","-34,4714","24,884"
Retiro - Tigre,14,San Fernando,49,Beccar,15775,"-58,5592","-34,4439","-58,5261","-34,4612","24,884"
Retiro - Tigre,14,San Fernando,50,Victoria,24241,"-58,5592","-34,4439","-58,5408","-34,4566","24,884"
Retiro - Tigre,14,San Fernando,51,Virreyes,51349,"-58,5592","-34,4439","-58,5506","-34,4507","24,884"
Retiro - Tigre,14,San Fernando,52,San Fernando,2057,"-58,5592","-34,4439","-58,5592","-34,4439","24,884"
Retiro - Tigre,14,San Fernando,53,Carupa,4540,"-58,5592","-34,4439","-58,5671","-34,4377","24,884"
Retiro - Tigre,14,San Fernando,54,Tigre,59811,"-58,5592","-34,4439","-58,5819","-34,4235","24,884"
Retiro - Tigre,15,Carupa,38,Retiro (Tigre),149679,"-58,5671","-34,4377","-58,3752","-34,5913","25,971"
Retiro - Tigre,15,Carupa,39,L. de la Torre,10496,"-58,5671","-34,4377","-58,4367","-34,5625","25,971"
Retiro - Tigre,15,Carupa,40,Belgrano C,93453,"-58,5671","-34,4377","-58,4495","-34,5584","25,971"
Retiro - Tigre,15,Carupa,41,Nuñez,8826,"-58,5671","-34,4377","-58,4624","-34,5489","25,971"
Retiro - Tigre,15,Carupa,42,Rivadavia,8191,"-58,5671","-34,4377","-58,4683","-34,5362","25,971"
Retiro - Tigre,15,Carupa,43,Vicente Lopez,11312,"-58,5671","-34,4377","-58,4728","-34,5242","25,971"
Retiro - Tigre,15,Carupa,44,Olivos,20272,"-58,5671","-34,4377","-58,4801","-34,5082","25,971"
Retiro - Tigre,15,Carupa,45,La Lucila,13799,"-58,5671","-34,4377","-58,4887","-34,4972","25,971"
Retiro - Tigre,15,Carupa,46,Martinez,51810,"-58,5671","-34,4377","-58,4970","-34,4877","25,971"
Retiro - Tigre,15,Carupa,47,Acassuso,18472,"-58,5671","-34,4377","-58,5038","-34,4797","25,971"
Retiro - Tigre,15,Carupa,48,San Isidro,96567,"-58,5671","-34,4377","-58,5138","-34,4714","25,971"
Retiro - Tigre,15,Carupa,49,Beccar,20139,"-58,5671","-34,4377","-58,5261","-34,4612","25,971"
Retiro - Tigre,15,Carupa,50,Victoria,17549,"-58,5671","-34,4377","-58,5408","-34,4566","25,971"
Retiro - Tigre,15,Carupa,51,Virreyes,31220,"-58,5671","-34,4377","-58,5506","-34,4507","25,971"
Retiro - Tigre,15,Carupa,52,San Fernando,17381,"-58,5671","-34,4377","-58,5592","-34,4439","25,971"
Retiro - Tigre,15,Carupa,53,Carupa,1242,"-58,5671","-34,4377","-58,5671","-34,4377","25,971"
Retiro - Tigre,15,Carupa,54,Tigre,26285,"-58,5671","-34,4377","-58,5819","-34,4235","25,971"
Retiro - Tigre,16,Tigre,38,Retiro (Tigre),508690,"-58,5819","-34,4235","-58,3752","-34,5913","28,235"
Retiro - Tigre,16,Tigre,39,L. de la Torre,32613,"-58,5819","-34,4235","-58,4367","-34,5625","28,235"
Retiro - Tigre,16,Tigre,40,Belgrano C,307263,"-58,5819","-34,4235","-58,4495","-34,5584","28,235"
Retiro - Tigre,16,Tigre,41,Nuñez,35104,"-58,5819","-34,4235","-58,4624","-34,5489","28,235"
Retiro - Tigre,16,Tigre,42,Rivadavia,26246,"-58,5819","-34,4235","-58,4683","-34,5362","28,235"
Retiro - Tigre,16,Tigre,43,Vicente Lopez,28436,"-58,5819","-34,4235","-58,4728","-34,5242","28,235"
Retiro - Tigre,16,Tigre,44,Olivos,29265,"-58,5819","-34,4235","-58,4801","-34,5082","28,235"
Retiro - Tigre,16,Tigre,45,La Lucila,19660,"-58,5819","-34,4235","-58,4887","-34,4972","28,235"
Retiro - Tigre,16,Tigre,46,Martinez,63908,"-58,5819","-34,4235","-58,4970","-34,4877","28,235"
Retiro - Tigre,16,Tigre,47,Acassuso,27896,"-58,5819","-34,4235","-58,5038","-34,4797","28,235"
Retiro - Tigre,16,Tigre,48,San Isidro,163957,"-58,5819","-34,4235","-58,5138","-34,4714","28,235"
Retiro - Tigre,16,Tigre,49,Beccar,35408,"-58,5819","-34,4235","-58,5261","-34,4612","28,235"
Retiro - Tigre,16,Tigre,50,Victoria,35512,"-58,5819","-34,4235","-58,5408","-34,4566","28,235"
Retiro - Tigre,16,Tigre,51,Virreyes,117204,"-58,5819","-34,4235","-58,5506","-34,4507","28,235"
Retiro - Tigre,16,Tigre,52,San Fernando,77564,"-58,5819","-34,4235","-58,5592","-34,4439","28,235"
Retiro - Tigre,16,Tigre,53,Carupa,38150,"-58,5819","-34,4235","-58,5671","-34,4377","28,235"
Retiro - Tigre,16,Tigre,54,Tigre,8667,"-58,5819","-34,4235","-58,5819","-34,4235","28,235"
Retiro - Suárez / Mitre,17,Retiro (Suárez / Mitre),55,Retiro (Suárez / Mitre),14617,"-58,3752","-34,5913","-58,3752","-34,5913","0,000"
Retiro - Suárez / Mitre,17,Retiro (Suárez / Mitre),56,3 De febrero,136697,"-58,3752","-34,5913","-58,4255","-34,5720","0,000"
Retiro - Suárez / Mitre,17,Retiro (Suárez / Mitre),57,Carranza,157498,"-58,3752","-34,5913","-58,4348","-34,5756","0,000"
Retiro - Suárez / Mitre,17,Retiro (Suárez / Mitre),58,Colegiales,163304,"-58,3752","-34,5913","-58,4477","-34,5731","0,000"
Retiro - Suárez / Mitre,17,Retiro (Suárez / Mitre),59,Belgrano R,358579,"-58,3752","-34,5913","-58,4628","-34,5676","0,000"
Retiro - Suárez / Mitre,17,Retiro (Suárez / Mitre),60,Drago,105646,"-58,3752","-34,5913","-58,4793","-34,5684","0,000"
Retiro - Suárez / Mitre,17,Retiro (Suárez / Mitre),61,Urquiza,146155,"-58,3752","-34,5913","-58,4875","-34,5744","0,000"
Retiro - Suárez / Mitre,17,Retiro (Suárez / Mitre),62,Pueyrredón,106479,"-58,3752","-34,5913","-58,5017","-34,5805","0,000"
Retiro - Suárez / Mitre,17,Retiro (Suárez / Mitre),63,Miguelete,53807,"-58,3752","-34,5913","-58,5172","-34,5811","0,000"
Retiro - Suárez / Mitre,17,Retiro (Suárez / Mitre),64,San Martín,297997,"-58,3752","-34,5913","-58,5316","-34,5736","0,000"
Retiro - Suárez / Mitre,17,Retiro (Suárez / Mitre),65,San Andrés,42739,"-58,3752","-34,5913","-58,5406","-34,5634","0,000"
Retiro - Suárez / Mitre,17,Retiro (Suárez / Mitre),66,Malaver,27280,"-58,3752","-34,5913","-58,5484","-34,5570","0,000"
Retiro - Suárez / Mitre,17,Retiro (Suárez / Mitre),67,V. Ballester,174055,"-58,3752","-34,5913","-58,5563","-34,5508","0,000"
Retiro - Suárez / Mitre,17,Retiro (Suárez / Mitre),68,Chilavert,32009,"-58,3752","-34,5913","-58,5672","-34,5420","0,000"
Retiro - Suárez / Mitre,17,Retiro (Suárez / Mitre),69,J. L. Suárez,144373,"-58,3752","-34,5913","-58,5759","-34,5351","0,000"
Retiro - Suárez / Mitre,17,Retiro (Suárez / Mitre),70,Coghlan,74781,"-58,3752","-34,5913","-58,4752","-34,5652","0,000"
Retiro - Suárez / Mitre,17,Retiro (Suárez / Mitre),71,Saavedra,85113,"-58,3752","-34,5913","-58,4870","-34,5540","0,000"
Retiro - Suárez / Mitre,17,Retiro (Suárez / Mitre),72,Juan B. Justo,33652,"-58,3752","-34,5913","-58,4944","-34,5429","0,000"
Retiro - Suárez / Mitre,17,Retiro (Suárez / Mitre),73,Florida,35516,"-58,3752","-34,5913","-58,4941","-34,5305","0,000"
Retiro - Suárez / Mitre,17,Retiro (Suárez / Mitre),74,Cetrángolo,17580,"-58,3752","-34,5913","-58,4941","-34,5231","0,000"
Retiro - Suárez / Mitre,17,Retiro (Suárez / Mitre),75,Mitre,98068,"-58,3752","-34,5913","-58,4891","-34,5151","0,000"
Retiro - Suárez / Mitre,18,3 De febrero,55,Retiro (Suárez / Mitre),91544,"-58,4255","-34,5720","-58,3752","-34,5913","5,646"
Retiro - Suárez / Mitre,18,3 De febrero,56,3 De febrero,4520,"-58,4255","-34,5720","-58,4255","-34,5720","5,646"
Retiro - Suárez / Mitre,18,3 De febrero,57,Carranza,5009,"-58,4255","-34,5720","-58,4348","-34,5756","5,646"
Retiro - Suárez / Mitre,18,3 De febrero,58,Colegiales,8280,"-58,4255","-34,5720","-58,4477","-34,5731","5,646"
Retiro - Suárez / Mitre,18,3 De febrero,59,Belgrano R,22214,"-58,4255","-34,5720","-58,4628","-34,5676","5,646"
Retiro - Suárez / Mitre,18,3 De febrero,60,Drago,7519,"-58,4255","-34,5720","-58,4793","-34,5684","5,646"
Retiro - Suárez / Mitre,18,3 De febrero,61,Urquiza,28384,"-58,4255","-34,5720","-58,4875","-34,5744","5,646"
Retiro - Suárez / Mitre,18,3 De febrero,62,Pueyrredón,12258,"-58,4255","-34,5720","-58,5017","-34,5805","5,646"
Retiro - Suárez / Mitre,18,3 De febrero,63,Miguelete,6292,"-58,4255","-34,5720","-58,5172","-34,5811","5,646"
Retiro - Suárez / Mitre,18,3 De febrero,64,San Martín,38721,"-58,4255","-34,5720","-58,5316","-34,5736","5,646"
Retiro - Suárez / Mitre,18,3 De febrero,65,San Andrés,3013,"-58,4255","-34,5720","-58,5406","-34,5634","5,646"
Retiro - Suárez / Mitre,18,3 De febrero,66,Malaver,2308,"-58,4255","-34,5720","-58,5484","-34,5570","5,646"
Retiro - Suárez / Mitre,18,3 De febrero,67,V. Ballester,19241,"-58,4255","-34,5720","-58,5563","-34,5508","5,646"
Retiro - Suárez / Mitre,18,3 De febrero,68,Chilavert,3949,"-58,4255","-34,5720","-58,5672","-34,5420","5,646"
Retiro - Suárez / Mitre,18,3 De febrero,69,J. L. Suárez,20937,"-58,4255","-34,5720","-58,5759","-34,5351","5,646"
Retiro - Suárez / Mitre,18,3 De febrero,70,Coghlan,4355,"-58,4255","-34,5720","-58,4752","-34,5652","5,646"
Retiro - Suárez / Mitre,18,3 De febrero,71,Saavedra,2638,"-58,4255","-34,5720","-58,4870","-34,5540","5,646"
Retiro - Suárez / Mitre,18,3 De febrero,72,Juan B. Justo,1454,"-58,4255","-34,5720","-58,4944","-34,5429","5,646"
Retiro - Suárez / Mitre,18,3 De febrero,73,Florida,1466,"-58,4255","-34,5720","-58,4941","-34,5305","5,646"
Retiro - Suárez / Mitre,18,3 De febrero,74,Cetrángolo,582,"-58,4255","-34,5720","-58,4941","-34,5231","5,646"
Retiro - Suárez / Mitre,18,3 De febrero,75,Mitre,4247,"-58,4255","-34,5720","-58,4891","-34,5151","5,646"
Retiro - Suárez / Mitre,19,Carranza,55,Retiro (Suárez / Mitre),186128,"-58,4348","-34,5756","-58,3752","-34,5913","6,700"
Retiro - Suárez / Mitre,19,Carranza,56,3 De febrero,6740,"-58,4348","-34,5756","-58,4255","-34,5720","6,700"
Retiro - Suárez / Mitre,19,Carranza,57,Carranza,4439,"-58,4348","-34,5756","-58,4348","-34,5756","6,700"
Retiro - Suárez / Mitre,19,Carranza,58,Colegiales,9468,"-58,4348","-34,5756","-58,4477","-34,5731","6,700"
Retiro - Suárez / Mitre,19,Carranza,59,Belgrano R,54637,"-58,4348","-34,5756","-58,4628","-34,5676","6,700"
Retiro - Suárez / Mitre,19,Carranza,60,Drago,25723,"-58,4348","-34,5756","-58,4793","-34,5684","6,700"
Retiro - Suárez / Mitre,19,Carranza,61,Urquiza,65359,"-58,4348","-34,5756","-58,4875","-34,5744","6,700"
Retiro - Suárez / Mitre,19,Carranza,62,Pueyrredón,33525,"-58,4348","-34,5756","-58,5017","-34,5805","6,700"
Retiro - Suárez / Mitre,19,Carranza,63,Miguelete,29042,"-58,4348","-34,5756","-58,5172","-34,5811","6,700"
Retiro - Suárez / Mitre,19,Carranza,64,San Martín,117343,"-58,4348","-34,5756","-58,5316","-34,5736","6,700"
Retiro - Suárez / Mitre,19,Carranza,65,San Andrés,15448,"-58,4348","-34,5756","-58,5406","-34,5634","6,700"
Retiro - Suárez / Mitre,19,Carranza,66,Malaver,9412,"-58,4348","-34,5756","-58,5484","-34,5570","6,700"
Retiro - Suárez / Mitre,19,Carranza,67,V. Ballester,70343,"-58,4348","-34,5756","-58,5563","-34,5508","6,700"
Retiro - Suárez / Mitre,19,Carranza,68,Chilavert,11031,"-58,4348","-34,5756","-58,5672","-34,5420","6,700"
Retiro - Suárez / Mitre,19,Carranza,69,J. L. Suárez,65251,"-58,4348","-34,5756","-58,5759","-34,5351","6,700"
Retiro - Suárez / Mitre,19,Carranza,70,Coghlan,12397,"-58,4348","-34,5756","-58,4752","-34,5652","6,700"
Retiro - Suárez / Mitre,19,Carranza,71,Saavedra,11142,"-58,4348","-34,5756","-58,4870","-34,5540","6,700"
Retiro - Suárez / Mitre,19,Carranza,72,Juan B. Justo,7512,"-58,4348","-34,5756","-58,4944","-34,5429","6,700"
Retiro - Suárez / Mitre,19,Carranza,73,Florida,7009,"-58,4348","-34,5756","-58,4941","-34,5305","6,700"
Retiro - Suárez / Mitre,19,Carranza,74,Cetrángolo,3190,"-58,4348","-34,5756","-58,4941","-34,5231","6,700"
Retiro - Suárez / Mitre,19,Carranza,75,Mitre,14909,"-58,4348","-34,5756","-58,4891","-34,5151","6,700"
Retiro - Suárez / Mitre,20,Colegiales,55,Retiro (Suárez / Mitre),161757,"-58,4477","-34,5731","-58,3752","-34,5913","7,940"
Retiro - Suárez / Mitre,20,Colegiales,56,3 De febrero,11549,"-58,4477","-34,5731","-58,4255","-34,5720","7,940"
Retiro - Suárez / Mitre,20,Colegiales,57,Carranza,7806,"-58,4477","-34,5731","-58,4348","-34,5756","7,940"
Retiro - Suárez / Mitre,20,Colegiales,58,Colegiales,1735,"-58,4477","-34,5731","-58,4477","-34,5731","7,940"
Retiro - Suárez / Mitre,20,Colegiales,59,Belgrano R,18745,"-58,4477","-34,5731","-58,4628","-34,5676","7,940"
Retiro - Suárez / Mitre,20,Colegiales,60,Drago,5461,"-58,4477","-34,5731","-58,4793","-34,5684","7,940"
Retiro - Suárez / Mitre,20,Colegiales,61,Urquiza,36296,"-58,4477","-34,5731","-58,4875","-34,5744","7,940"
Retiro - Suárez / Mitre,20,Colegiales,62,Pueyrredón,7828,"-58,4477","-34,5731","-58,5017","-34,5805","7,940"
Retiro - Suárez / Mitre,20,Colegiales,63,Miguelete,6909,"-58,4477","-34,5731","-58,5172","-34,5811","7,940"
Retiro - Suárez / Mitre,20,Colegiales,64,San Martín,37057,"-58,4477","-34,5731","-58,5316","-34,5736","7,940"
Retiro - Suárez / Mitre,20,Colegiales,65,San Andrés,1528,"-58,4477","-34,5731","-58,5406","-34,5634","7,940"
Retiro - Suárez / Mitre,20,Colegiales,66,Malaver,1179,"-58,4477","-34,5731","-58,5484","-34,5570","7,940"
Retiro - Suárez / Mitre,20,Colegiales,67,V. Ballester,14620,"-58,4477","-34,5731","-58,5563","-34,5508","7,940"
Retiro - Suárez / Mitre,20,Colegiales,68,Chilavert,1748,"-58,4477","-34,5731","-58,5672","-34,5420","7,940"
Retiro - Suárez / Mitre,20,Colegiales,69,J. L. Suárez,11602,"-58,4477","-34,5731","-58,5759","-34,5351","7,940"
Retiro - Suárez / Mitre,20,Colegiales,70,Coghlan,3941,"-58,4477","-34,5731","-58,4752","-34,5652","7,940"
Retiro - Suárez / Mitre,20,Colegiales,71,Saavedra,2487,"-58,4477","-34,5731","-58,4870","-34,5540","7,940"
Retiro - Suárez / Mitre,20,Colegiales,72,Juan B. Justo,2046,"-58,4477","-34,5731","-58,4944","-34,5429","7,940"
Retiro - Suárez / Mitre,20,Colegiales,73,Florida,1179,"-58,4477","-34,5731","-58,4941","-34,5305","7,940"
Retiro - Suárez / Mitre,20,Colegiales,74,Cetrángolo,595,"-58,4477","-34,5731","-58,4941","-34,5231","7,940"
Retiro - Suárez / Mitre,20,Colegiales,75,Mitre,7818,"-58,4477","-34,5731","-58,4891","-34,5151","7,940"
Retiro - Suárez / Mitre,21,Belgrano R,55,Retiro (Suárez / Mitre),405341,"-58,4628","-34,5676","-58,3752","-34,5913","9,364"
Retiro - Suárez / Mitre,21,Belgrano R,56,3 De febrero,33782,"-58,4628","-34,5676","-58,4255","-34,5720","9,364"
Retiro - Suárez / Mitre,21,Belgrano R,57,Carranza,60164,"-58,4628","-34,5676","-58,4348","-34,5756","9,364"
Retiro - Suárez / Mitre,21,Belgrano R,58,Colegiales,21927,"-58,4628","-34,5676","-58,4477","-34,5731","9,364"
Retiro - Suárez / Mitre,21,Belgrano R,59,Belgrano R,15217,"-58,4628","-34,5676","-58,4628","-34,5676","9,364"
Retiro - Suárez / Mitre,21,Belgrano R,60,Drago,15174,"-58,4628","-34,5676","-58,4793","-34,5684","9,364"
Retiro - Suárez / Mitre,21,Belgrano R,61,Urquiza,63431,"-58,4628","-34,5676","-58,4875","-34,5744","9,364"
Retiro - Suárez / Mitre,21,Belgrano R,62,Pueyrredón,27266,"-58,4628","-34,5676","-58,5017","-34,5805","9,364"
Retiro - Suárez / Mitre,21,Belgrano R,63,Miguelete,20670,"-58,4628","-34,5676","-58,5172","-34,5811","9,364"
Retiro - Suárez / Mitre,21,Belgrano R,64,San Martín,104834,"-58,4628","-34,5676","-58,5316","-34,5736","9,364"
Retiro - Suárez / Mitre,21,Belgrano R,65,San Andrés,10353,"-58,4628","-34,5676","-58,5406","-34,5634","9,364"
Retiro - Suárez / Mitre,21,Belgrano R,66,Malaver,7290,"-58,4628","-34,5676","-58,5484","-34,5570","9,364"
Retiro - Suárez / Mitre,21,Belgrano R,67,V. Ballester,56828,"-58,4628","-34,5676","-58,5563","-34,5508","9,364"
Retiro - Suárez / Mitre,21,Belgrano R,68,Chilavert,10639,"-58,4628","-34,5676","-58,5672","-34,5420","9,364"
Retiro - Suárez / Mitre,21,Belgrano R,69,J. L. Suárez,64419,"-58,4628","-34,5676","-58,5759","-34,5351","9,364"
Retiro - Suárez / Mitre,21,Belgrano R,70,Coghlan,11478,"-58,4628","-34,5676","-58,4752","-34,5652","9,364"
Retiro - Suárez / Mitre,21,Belgrano R,71,Saavedra,9206,"-58,4628","-34,5676","-58,4870","-34,5540","9,364"
Retiro - Suárez / Mitre,21,Belgrano R,72,Juan B. Justo,7495,"-58,4628","-34,5676","-58,4944","-34,5429","9,364"
Retiro - Suárez / Mitre,21,Belgrano R,73,Florida,7444,"-58,4628","-34,5676","-58,4941","-34,5305","9,364"
Retiro - Suárez / Mitre,21,Belgrano R,74,Cetrángolo,3430,"-58,4628","-34,5676","-58,4941","-34,5231","9,364"
Retiro - Suárez / Mitre,21,Belgrano R,75,Mitre,26000,"-58,4628","-34,5676","-58,4891","-34,5151","9,364"
Retiro - Suárez / Mitre,22,Drago,55,Retiro (Suárez / Mitre),136690,"-58,4793","-34,5684","-58,3752","-34,5913","10,692"
Retiro - Suárez / Mitre,22,Drago,56,3 De febrero,13858,"-58,4793","-34,5684","-58,4255","-34,5720","10,692"
Retiro - Suárez / Mitre,22,Drago,57,Carranza,36526,"-58,4793","-34,5684","-58,4348","-34,5756","10,692"
Retiro - Suárez / Mitre,22,Drago,58,Colegiales,7068,"-58,4793","-34,5684","-58,4477","-34,5731","10,692"
Retiro - Suárez / Mitre,22,Drago,59,Belgrano R,19569,"-58,4793","-34,5684","-58,4628","-34,5676","10,692"
Retiro - Suárez / Mitre,22,Drago,60,Drago,2555,"-58,4793","-34,5684","-58,4793","-34,5684","10,692"
Retiro - Suárez / Mitre,22,Drago,61,Urquiza,14928,"-58,4793","-34,5684","-58,4875","-34,5744","10,692"
Retiro - Suárez / Mitre,22,Drago,62,Pueyrredón,1872,"-58,4793","-34,5684","-58,5017","-34,5805","10,692"
Retiro - Suárez / Mitre,22,Drago,63,Miguelete,3462,"-58,4793","-34,5684","-58,5172","-34,5811","10,692"
Retiro - Suárez / Mitre,22,Drago,64,San Martín,29368,"-58,4793","-34,5684","-58,5316","-34,5736","10,692"
Retiro - Suárez / Mitre,22,Drago,65,San Andrés,512,"-58,4793","-34,5684","-58,5406","-34,5634","10,692"
Retiro - Suárez / Mitre,22,Drago,66,Malaver,445,"-58,4793","-34,5684","-58,5484","-34,5570","10,692"
Retiro - Suárez / Mitre,22,Drago,67,V. Ballester,8198,"-58,4793","-34,5684","-58,5563","-34,5508","10,692"
Retiro - Suárez / Mitre,22,Drago,68,Chilavert,519,"-58,4793","-34,5684","-58,5672","-34,5420","10,692"
Retiro - Suárez / Mitre,22,Drago,69,J. L. Suárez,8930,"-58,4793","-34,5684","-58,5759","-34,5351","10,692"
Retiro - Suárez / Mitre,22,Drago,70,Coghlan,33,"-58,4793","-34,5684","-58,4752","-34,5652","10,692"
Retiro - Suárez / Mitre,22,Drago,71,Saavedra,3,"-58,4793","-34,5684","-58,4870","-34,5540","10,692"
Retiro - Suárez / Mitre,22,Drago,72,Juan B. Justo,0,"-58,4793","-34,5684","-58,4944","-34,5429","10,692"
Retiro - Suárez / Mitre,22,Drago,73,Florida,1,"-58,4793","-34,5684","-58,4941","-34,5305","10,692"
Retiro - Suárez / Mitre,22,Drago,74,Cetrángolo,5,"-58,4793","-34,5684","-58,4941","-34,5231","10,692"
Retiro - Suárez / Mitre,22,Drago,75,Mitre,6,"-58,4793","-34,5684","-58,4891","-34,5151","10,692"
Retiro - Suárez / Mitre,23,Urquiza,55,Retiro (Suárez / Mitre),143143,"-58,4875","-34,5744","-58,3752","-34,5913","12,042"
Retiro - Suárez / Mitre,23,Urquiza,56,3 De febrero,42334,"-58,4875","-34,5744","-58,4255","-34,5720","12,042"
Retiro - Suárez / Mitre,23,Urquiza,57,Carranza,71463,"-58,4875","-34,5744","-58,4348","-34,5756","12,042"
Retiro - Suárez / Mitre,23,Urquiza,58,Colegiales,38961,"-58,4875","-34,5744","-58,4477","-34,5731","12,042"
Retiro - Suárez / Mitre,23,Urquiza,59,Belgrano R,62589,"-58,4875","-34,5744","-58,4628","-34,5676","12,042"
Retiro - Suárez / Mitre,23,Urquiza,60,Drago,24049,"-58,4875","-34,5744","-58,4793","-34,5684","12,042"
Retiro - Suárez / Mitre,23,Urquiza,61,Urquiza,6107,"-58,4875","-34,5744","-58,4875","-34,5744","12,042"
Retiro - Suárez / Mitre,23,Urquiza,62,Pueyrredón,29929,"-58,4875","-34,5744","-58,5017","-34,5805","12,042"
Retiro - Suárez / Mitre,23,Urquiza,63,Miguelete,62933,"-58,4875","-34,5744","-58,5172","-34,5811","12,042"
Retiro - Suárez / Mitre,23,Urquiza,64,San Martín,256300,"-58,4875","-34,5744","-58,5316","-34,5736","12,042"
Retiro - Suárez / Mitre,23,Urquiza,65,San Andrés,43944,"-58,4875","-34,5744","-58,5406","-34,5634","12,042"
Retiro - Suárez / Mitre,23,Urquiza,66,Malaver,28135,"-58,4875","-34,5744","-58,5484","-34,5570","12,042"
Retiro - Suárez / Mitre,23,Urquiza,67,V. Ballester,171245,"-58,4875","-34,5744","-58,5563","-34,5508","12,042"
Retiro - Suárez / Mitre,23,Urquiza,68,Chilavert,35684,"-58,4875","-34,5744","-58,5672","-34,5420","12,042"
Retiro - Suárez / Mitre,23,Urquiza,69,J. L. Suárez,181433,"-58,4875","-34,5744","-58,5759","-34,5351","12,042"
Retiro - Suárez / Mitre,23,Urquiza,70,Coghlan,24,"-58,4875","-34,5744","-58,4752","-34,5652","12,042"
Retiro - Suárez / Mitre,23,Urquiza,71,Saavedra,31,"-58,4875","-34,5744","-58,4870","-34,5540","12,042"
Retiro - Suárez / Mitre,23,Urquiza,72,Juan B. Justo,52,"-58,4875","-34,5744","-58,4944","-34,5429","12,042"
Retiro - Suárez / Mitre,23,Urquiza,73,Florida,43,"-58,4875","-34,5744","-58,4941","-34,5305","12,042"
Retiro - Suárez / Mitre,23,Urquiza,74,Cetrángolo,59,"-58,4875","-34,5744","-58,4941","-34,5231","12,042"
Retiro - Suárez / Mitre,23,Urquiza,75,Mitre,182,"-58,4875","-34,5744","-58,4891","-34,5151","12,042"
Retiro - Suárez / Mitre,24,Pueyrredón,55,Retiro (Suárez / Mitre),125679,"-58,5017","-34,5805","-58,3752","-34,5913","13,489"
Retiro - Suárez / Mitre,24,Pueyrredón,56,3 De febrero,20660,"-58,5017","-34,5805","-58,4255","-34,5720","13,489"
Retiro - Suárez / Mitre,24,Pueyrredón,57,Carranza,45927,"-58,5017","-34,5805","-58,4348","-34,5756","13,489"
Retiro - Suárez / Mitre,24,Pueyrredón,58,Colegiales,15932,"-58,5017","-34,5805","-58,4477","-34,5731","13,489"
Retiro - Suárez / Mitre,24,Pueyrredón,59,Belgrano R,33734,"-58,5017","-34,5805","-58,4628","-34,5676","13,489"
Retiro - Suárez / Mitre,24,Pueyrredón,60,Drago,8504,"-58,5017","-34,5805","-58,4793","-34,5684","13,489"
Retiro - Suárez / Mitre,24,Pueyrredón,61,Urquiza,48917,"-58,5017","-34,5805","-58,4875","-34,5744","13,489"
Retiro - Suárez / Mitre,24,Pueyrredón,62,Pueyrredón,836,"-58,5017","-34,5805","-58,5017","-34,5805","13,489"
Retiro - Suárez / Mitre,24,Pueyrredón,63,Miguelete,2848,"-58,5017","-34,5805","-58,5172","-34,5811","13,489"
Retiro - Suárez / Mitre,24,Pueyrredón,64,San Martín,23904,"-58,5017","-34,5805","-58,5316","-34,5736","13,489"
Retiro - Suárez / Mitre,24,Pueyrredón,65,San Andrés,1041,"-58,5017","-34,5805","-58,5406","-34,5634","13,489"
Retiro - Suárez / Mitre,24,Pueyrredón,66,Malaver,570,"-58,5017","-34,5805","-58,5484","-34,5570","13,489"
Retiro - Suárez / Mitre,24,Pueyrredón,67,V. Ballester,13423,"-58,5017","-34,5805","-58,5563","-34,5508","13,489"
Retiro - Suárez / Mitre,24,Pueyrredón,68,Chilavert,1084,"-58,5017","-34,5805","-58,5672","-34,5420","13,489"
Retiro - Suárez / Mitre,24,Pueyrredón,69,J. L. Suárez,12607,"-58,5017","-34,5805","-58,5759","-34,5351","13,489"
Retiro - Suárez / Mitre,24,Pueyrredón,70,Coghlan,6,"-58,5017","-34,5805","-58,4752","-34,5652","13,489"
Retiro - Suárez / Mitre,24,Pueyrredón,71,Saavedra,18,"-58,5017","-34,5805","-58,4870","-34,5540","13,489"
Retiro - Suárez / Mitre,24,Pueyrredón,72,Juan B. Justo,7,"-58,5017","-34,5805","-58,4944","-34,5429","13,489"
Retiro - Suárez / Mitre,24,Pueyrredón,73,Florida,27,"-58,5017","-34,5805","-58,4941","-34,5305","13,489"
Retiro - Suárez / Mitre,24,Pueyrredón,74,Cetrángolo,42,"-58,5017","-34,5805","-58,4941","-34,5231","13,489"
Retiro - Suárez / Mitre,24,Pueyrredón,75,Mitre,570,"-58,5017","-34,5805","-58,4891","-34,5151","13,489"
Retiro - Suárez / Mitre,25,Miguelete,55,Retiro (Suárez / Mitre),57358,"-58,5172","-34,5811","-58,3752","-34,5913","14,887"
Retiro - Suárez / Mitre,25,Miguelete,56,3 De febrero,8574,"-58,5172","-34,5811","-58,4255","-34,5720","14,887"
Retiro - Suárez / Mitre,25,Miguelete,57,Carranza,32016,"-58,5172","-34,5811","-58,4348","-34,5756","14,887"
Retiro - Suárez / Mitre,25,Miguelete,58,Colegiales,10180,"-58,5172","-34,5811","-58,4477","-34,5731","14,887"
Retiro - Suárez / Mitre,25,Miguelete,59,Belgrano R,26248,"-58,5172","-34,5811","-58,4628","-34,5676","14,887"
Retiro - Suárez / Mitre,25,Miguelete,60,Drago,10692,"-58,5172","-34,5811","-58,4793","-34,5684","14,887"
Retiro - Suárez / Mitre,25,Miguelete,61,Urquiza,65962,"-58,5172","-34,5811","-58,4875","-34,5744","14,887"
Retiro - Suárez / Mitre,25,Miguelete,62,Pueyrredón,6274,"-58,5172","-34,5811","-58,5017","-34,5805","14,887"
Retiro - Suárez / Mitre,25,Miguelete,63,Miguelete,680,"-58,5172","-34,5811","-58,5172","-34,5811","14,887"
Retiro - Suárez / Mitre,25,Miguelete,64,San Martín,17108,"-58,5172","-34,5811","-58,5316","-34,5736","14,887"
Retiro - Suárez / Mitre,25,Miguelete,65,San Andrés,1890,"-58,5172","-34,5811","-58,5406","-34,5634","14,887"
Retiro - Suárez / Mitre,25,Miguelete,66,Malaver,1258,"-58,5172","-34,5811","-58,5484","-34,5570","14,887"
Retiro - Suárez / Mitre,25,Miguelete,67,V. Ballester,19824,"-58,5172","-34,5811","-58,5563","-34,5508","14,887"
Retiro - Suárez / Mitre,25,Miguelete,68,Chilavert,2074,"-58,5172","-34,5811","-58,5672","-34,5420","14,887"
Retiro - Suárez / Mitre,25,Miguelete,69,J. L. Suárez,19133,"-58,5172","-34,5811","-58,5759","-34,5351","14,887"
Retiro - Suárez / Mitre,25,Miguelete,70,Coghlan,40,"-58,5172","-34,5811","-58,4752","-34,5652","14,887"
Retiro - Suárez / Mitre,25,Miguelete,71,Saavedra,94,"-58,5172","-34,5811","-58,4870","-34,5540","14,887"
Retiro - Suárez / Mitre,25,Miguelete,72,Juan B. Justo,22,"-58,5172","-34,5811","-58,4944","-34,5429","14,887"
Retiro - Suárez / Mitre,25,Miguelete,73,Florida,26,"-58,5172","-34,5811","-58,4941","-34,5305","14,887"
Retiro - Suárez / Mitre,25,Miguelete,74,Cetrángolo,18,"-58,5172","-34,5811","-58,4941","-34,5231","14,887"
Retiro - Suárez / Mitre,25,Miguelete,75,Mitre,102,"-58,5172","-34,5811","-58,4891","-34,5151","14,887"
Retiro - Suárez / Mitre,26,San Martín,55,Retiro (Suárez / Mitre),274799,"-58,5316","-34,5736","-58,3752","-34,5913","16,503"
Retiro - Suárez / Mitre,26,San Martín,56,3 De febrero,52602,"-58,5316","-34,5736","-58,4255","-34,5720","16,503"
Retiro - Suárez / Mitre,26,San Martín,57,Carranza,133751,"-58,5316","-34,5736","-58,4348","-34,5756","16,503"
Retiro - Suárez / Mitre,26,San Martín,58,Colegiales,39776,"-58,5316","-34,5736","-58,4477","-34,5731","16,503"
Retiro - Suárez / Mitre,26,San Martín,59,Belgrano R,114263,"-58,5316","-34,5736","-58,4628","-34,5676","16,503"
Retiro - Suárez / Mitre,26,San Martín,60,Drago,41318,"-58,5316","-34,5736","-58,4793","-34,5684","16,503"
Retiro - Suárez / Mitre,26,San Martín,61,Urquiza,256469,"-58,5316","-34,5736","-58,4875","-34,5744","16,503"
Retiro - Suárez / Mitre,26,San Martín,62,Pueyrredón,35106,"-58,5316","-34,5736","-58,5017","-34,5805","16,503"
Retiro - Suárez / Mitre,26,San Martín,63,Miguelete,23892,"-58,5316","-34,5736","-58,5172","-34,5811","16,503"
Retiro - Suárez / Mitre,26,San Martín,64,San Martín,13136,"-58,5316","-34,5736","-58,5316","-34,5736","16,503"
Retiro - Suárez / Mitre,26,San Martín,65,San Andrés,14724,"-58,5316","-34,5736","-58,5406","-34,5634","16,503"
Retiro - Suárez / Mitre,26,San Martín,66,Malaver,15205,"-58,5316","-34,5736","-58,5484","-34,5570","16,503"
Retiro - Suárez / Mitre,26,San Martín,67,V. Ballester,99774,"-58,5316","-34,5736","-58,5563","-34,5508","16,503"
Retiro - Suárez / Mitre,26,San Martín,68,Chilavert,23786,"-58,5316","-34,5736","-58,5672","-34,5420","16,503"
Retiro - Suárez / Mitre,26,San Martín,69,J. L. Suárez,166144,"-58,5316","-34,5736","-58,5759","-34,5351","16,503"
Retiro - Suárez / Mitre,26,San Martín,70,Coghlan,13,"-58,5316","-34,5736","-58,4752","-34,5652","16,503"
Retiro - Suárez / Mitre,26,San Martín,71,Saavedra,154,"-58,5316","-34,5736","-58,4870","-34,5540","16,503"
Retiro - Suárez / Mitre,26,San Martín,72,Juan B. Justo,22,"-58,5316","-34,5736","-58,4944","-34,5429","16,503"
Retiro - Suárez / Mitre,26,San Martín,73,Florida,27,"-58,5316","-34,5736","-58,4941","-34,5305","16,503"
Retiro - Suárez / Mitre,26,San Martín,74,Cetrángolo,75,"-58,5316","-34,5736","-58,4941","-34,5231","16,503"
Retiro - Suárez / Mitre,26,San Martín,75,Mitre,244,"-58,5316","-34,5736","-58,4891","-34,5151","16,503"
Retiro - Suárez / Mitre,27,San Andrés,55,Retiro (Suárez / Mitre),53981,"-58,5406","-34,5634","-58,3752","-34,5913","17,888"
Retiro - Suárez / Mitre,27,San Andrés,56,3 De febrero,6238,"-58,5406","-34,5634","-58,4255","-34,5720","17,888"
Retiro - Suárez / Mitre,27,San Andrés,57,Carranza,25016,"-58,5406","-34,5634","-58,4348","-34,5756","17,888"
Retiro - Suárez / Mitre,27,San Andrés,58,Colegiales,3394,"-58,5406","-34,5634","-58,4477","-34,5731","17,888"
Retiro - Suárez / Mitre,27,San Andrés,59,Belgrano R,12777,"-58,5406","-34,5634","-58,4628","-34,5676","17,888"
Retiro - Suárez / Mitre,27,San Andrés,60,Drago,1233,"-58,5406","-34,5634","-58,4793","-34,5684","17,888"
Retiro - Suárez / Mitre,27,San Andrés,61,Urquiza,51500,"-58,5406","-34,5634","-58,4875","-34,5744","17,888"
Retiro - Suárez / Mitre,27,San Andrés,62,Pueyrredón,4388,"-58,5406","-34,5634","-58,5017","-34,5805","17,888"
Retiro - Suárez / Mitre,27,San Andrés,63,Miguelete,6174,"-58,5406","-34,5634","-58,5172","-34,5811","17,888"
Retiro - Suárez / Mitre,27,San Andrés,64,San Martín,11208,"-58,5406","-34,5634","-58,5316","-34,5736","17,888"
Retiro - Suárez / Mitre,27,San Andrés,65,San Andrés,3159,"-58,5406","-34,5634","-58,5406","-34,5634","17,888"
Retiro - Suárez / Mitre,27,San Andrés,66,Malaver,133,"-58,5406","-34,5634","-58,5484","-34,5570","17,888"
Retiro - Suárez / Mitre,27,San Andrés,67,V. Ballester,10915,"-58,5406","-34,5634","-58,5563","-34,5508","17,888"
Retiro - Suárez / Mitre,27,San Andrés,68,Chilavert,619,"-58,5406","-34,5634","-58,5672","-34,5420","17,888"
Retiro - Suárez / Mitre,27,San Andrés,69,J. L. Suárez,9562,"-58,5406","-34,5634","-58,5759","-34,5351","17,888"
Retiro - Suárez / Mitre,27,San Andrés,70,Coghlan,1,"-58,5406","-34,5634","-58,4752","-34,5652","17,888"
Retiro - Suárez / Mitre,27,San Andrés,71,Saavedra,7,"-58,5406","-34,5634","-58,4870","-34,5540","17,888"
Retiro - Suárez / Mitre,27,San Andrés,72,Juan B. Justo,1,"-58,5406","-34,5634","-58,4944","-34,5429","17,888"
Retiro - Suárez / Mitre,27,San Andrés,73,Florida,0,"-58,5406","-34,5634","-58,4941","-34,5305","17,888"
Retiro - Suárez / Mitre,27,San Andrés,74,Cetrángolo,25,"-58,5406","-34,5634","-58,4941","-34,5231","17,888"
Retiro - Suárez / Mitre,27,San Andrés,75,Mitre,3,"-58,5406","-34,5634","-58,4891","-34,5151","17,888"
Retiro - Suárez / Mitre,28,Malaver,55,Retiro (Suárez / Mitre),42457,"-58,5484","-34,5570","-58,3752","-34,5913","18,772"
Retiro - Suárez / Mitre,28,Malaver,56,3 De febrero,4656,"-58,5484","-34,5570","-58,4255","-34,5720","18,772"
Retiro - Suárez / Mitre,28,Malaver,57,Carranza,19902,"-58,5484","-34,5570","-58,4348","-34,5756","18,772"
Retiro - Suárez / Mitre,28,Malaver,58,Colegiales,2781,"-58,5484","-34,5570","-58,4477","-34,5731","18,772"
Retiro - Suárez / Mitre,28,Malaver,59,Belgrano R,11533,"-58,5484","-34,5570","-58,4628","-34,5676","18,772"
Retiro - Suárez / Mitre,28,Malaver,60,Drago,876,"-58,5484","-34,5570","-58,4793","-34,5684","18,772"
Retiro - Suárez / Mitre,28,Malaver,61,Urquiza,44563,"-58,5484","-34,5570","-58,4875","-34,5744","18,772"
Retiro - Suárez / Mitre,28,Malaver,62,Pueyrredón,3528,"-58,5484","-34,5570","-58,5017","-34,5805","18,772"
Retiro - Suárez / Mitre,28,Malaver,63,Miguelete,6124,"-58,5484","-34,5570","-58,5172","-34,5811","18,772"
Retiro - Suárez / Mitre,28,Malaver,64,San Martín,12666,"-58,5484","-34,5570","-58,5316","-34,5736","18,772"
Retiro - Suárez / Mitre,28,Malaver,65,San Andrés,179,"-58,5484","-34,5570","-58,5406","-34,5634","18,772"
Retiro - Suárez / Mitre,28,Malaver,66,Malaver,2666,"-58,5484","-34,5570","-58,5484","-34,5570","18,772"
Retiro - Suárez / Mitre,28,Malaver,67,V. Ballester,2934,"-58,5484","-34,5570","-58,5563","-34,5508","18,772"
Retiro - Suárez / Mitre,28,Malaver,68,Chilavert,236,"-58,5484","-34,5570","-58,5672","-34,5420","18,772"
Retiro - Suárez / Mitre,28,Malaver,69,J. L. Suárez,6295,"-58,5484","-34,5570","-58,5759","-34,5351","18,772"
Retiro - Suárez / Mitre,28,Malaver,70,Coghlan,0,"-58,5484","-34,5570","-58,4752","-34,5652","18,772"
Retiro - Suárez / Mitre,28,Malaver,71,Saavedra,3,"-58,5484","-34,5570","-58,4870","-34,5540","18,772"
Retiro - Suárez / Mitre,28,Malaver,72,Juan B. Justo,1,"-58,5484","-34,5570","-58,4944","-34,5429","18,772"
Retiro - Suárez / Mitre,28,Malaver,73,Florida,2,"-58,5484","-34,5570","-58,4941","-34,5305","18,772"
Retiro - Suárez / Mitre,28,Malaver,74,Cetrángolo,0,"-58,5484","-34,5570","-58,4941","-34,5231","18,772"
Retiro - Suárez / Mitre,28,Malaver,75,Mitre,3,"-58,5484","-34,5570","-58,4891","-34,5151","18,772"
Retiro - Suárez / Mitre,29,V. Ballester,55,Retiro (Suárez / Mitre),167582,"-58,5563","-34,5508","-58,3752","-34,5913","19,893"
Retiro - Suárez / Mitre,29,V. Ballester,56,3 De febrero,29490,"-58,5563","-34,5508","-58,4255","-34,5720","19,893"
Retiro - Suárez / Mitre,29,V. Ballester,57,Carranza,92407,"-58,5563","-34,5508","-58,4348","-34,5756","19,893"
Retiro - Suárez / Mitre,29,V. Ballester,58,Colegiales,23695,"-58,5563","-34,5508","-58,4477","-34,5731","19,893"
Retiro - Suárez / Mitre,29,V. Ballester,59,Belgrano R,66175,"-58,5563","-34,5508","-58,4628","-34,5676","19,893"
Retiro - Suárez / Mitre,29,V. Ballester,60,Drago,28958,"-58,5563","-34,5508","-58,4793","-34,5684","19,893"
Retiro - Suárez / Mitre,29,V. Ballester,61,Urquiza,203168,"-58,5563","-34,5508","-58,4875","-34,5744","19,893"
Retiro - Suárez / Mitre,29,V. Ballester,62,Pueyrredón,24192,"-58,5563","-34,5508","-58,5017","-34,5805","19,893"
Retiro - Suárez / Mitre,29,V. Ballester,63,Miguelete,41722,"-58,5563","-34,5508","-58,5172","-34,5811","19,893"
Retiro - Suárez / Mitre,29,V. Ballester,64,San Martín,88864,"-58,5563","-34,5508","-58,5316","-34,5736","19,893"
Retiro - Suárez / Mitre,29,V. Ballester,65,San Andrés,19696,"-58,5563","-34,5508","-58,5406","-34,5634","19,893"
Retiro - Suárez / Mitre,29,V. Ballester,66,Malaver,4037,"-58,5563","-34,5508","-58,5484","-34,5570","19,893"
Retiro - Suárez / Mitre,29,V. Ballester,67,V. Ballester,5026,"-58,5563","-34,5508","-58,5563","-34,5508","19,893"
Retiro - Suárez / Mitre,29,V. Ballester,68,Chilavert,13968,"-58,5563","-34,5508","-58,5672","-34,5420","19,893"
Retiro - Suárez / Mitre,29,V. Ballester,69,J. L. Suárez,79778,"-58,5563","-34,5508","-58,5759","-34,5351","19,893"
Retiro - Suárez / Mitre,29,V. Ballester,70,Coghlan,13,"-58,5563","-34,5508","-58,4752","-34,5652","19,893"
Retiro - Suárez / Mitre,29,V. Ballester,71,Saavedra,38,"-58,5563","-34,5508","-58,4870","-34,5540","19,893"
Retiro - Suárez / Mitre,29,V. Ballester,72,Juan B. Justo,29,"-58,5563","-34,5508","-58,4944","-34,5429","19,893"
Retiro - Suárez / Mitre,29,V. Ballester,73,Florida,25,"-58,5563","-34,5508","-58,4941","-34,5305","19,893"
Retiro - Suárez / Mitre,29,V. Ballester,74,Cetrángolo,7,"-58,5563","-34,5508","-58,4941","-34,5231","19,893"
Retiro - Suárez / Mitre,29,V. Ballester,75,Mitre,86,"-58,5563","-34,5508","-58,4891","-34,5151","19,893"
Retiro - Suárez / Mitre,30,Chilavert,55,Retiro (Suárez / Mitre),66512,"-58,5672","-34,5420","-58,3752","-34,5913","21,286"
Retiro - Suárez / Mitre,30,Chilavert,56,3 De febrero,10247,"-58,5672","-34,5420","-58,4255","-34,5720","21,286"
Retiro - Suárez / Mitre,30,Chilavert,57,Carranza,31588,"-58,5672","-34,5420","-58,4348","-34,5756","21,286"
Retiro - Suárez / Mitre,30,Chilavert,58,Colegiales,8856,"-58,5672","-34,5420","-58,4477","-34,5731","21,286"
Retiro - Suárez / Mitre,30,Chilavert,59,Belgrano R,24566,"-58,5672","-34,5420","-58,4628","-34,5676","21,286"
Retiro - Suárez / Mitre,30,Chilavert,60,Drago,5326,"-58,5672","-34,5420","-58,4793","-34,5684","21,286"
Retiro - Suárez / Mitre,30,Chilavert,61,Urquiza,73652,"-58,5672","-34,5420","-58,4875","-34,5744","21,286"
Retiro - Suárez / Mitre,30,Chilavert,62,Pueyrredón,8034,"-58,5672","-34,5420","-58,5017","-34,5805","21,286"
Retiro - Suárez / Mitre,30,Chilavert,63,Miguelete,18235,"-58,5672","-34,5420","-58,5172","-34,5811","21,286"
Retiro - Suárez / Mitre,30,Chilavert,64,San Martín,30273,"-58,5672","-34,5420","-58,5316","-34,5736","21,286"
Retiro - Suárez / Mitre,30,Chilavert,65,San Andrés,3686,"-58,5672","-34,5420","-58,5406","-34,5634","21,286"
Retiro - Suárez / Mitre,30,Chilavert,66,Malaver,1558,"-58,5672","-34,5420","-58,5484","-34,5570","21,286"
Retiro - Suárez / Mitre,30,Chilavert,67,V. Ballester,11425,"-58,5672","-34,5420","-58,5563","-34,5508","21,286"
Retiro - Suárez / Mitre,30,Chilavert,68,Chilavert,341,"-58,5672","-34,5420","-58,5672","-34,5420","21,286"
Retiro - Suárez / Mitre,30,Chilavert,69,J. L. Suárez,2254,"-58,5672","-34,5420","-58,5759","-34,5351","21,286"
Retiro - Suárez / Mitre,30,Chilavert,70,Coghlan,2,"-58,5672","-34,5420","-58,4752","-34,5652","21,286"
Retiro - Suárez / Mitre,30,Chilavert,71,Saavedra,36,"-58,5672","-34,5420","-58,4870","-34,5540","21,286"
Retiro - Suárez / Mitre,30,Chilavert,72,Juan B. Justo,3,"-58,5672","-34,5420","-58,4944","-34,5429","21,286"
Retiro - Suárez / Mitre,30,Chilavert,73,Florida,2,"-58,5672","-34,5420","-58,4941","-34,5305","21,286"
Retiro - Suárez / Mitre,30,Chilavert,74,Cetrángolo,2,"-58,5672","-34,5420","-58,4941","-34,5231","21,286"
Retiro - Suárez / Mitre,30,Chilavert,75,Mitre,29,"-58,5672","-34,5420","-58,4891","-34,5151","21,286"
Retiro - Suárez / Mitre,31,J. L. Suárez,55,Retiro (Suárez / Mitre),201802,"-58,5759","-34,5351","-58,3752","-34,5913","22,523"
Retiro - Suárez / Mitre,31,J. L. Suárez,56,3 De febrero,49281,"-58,5759","-34,5351","-58,4255","-34,5720","22,523"
Retiro - Suárez / Mitre,31,J. L. Suárez,57,Carranza,127978,"-58,5759","-34,5351","-58,4348","-34,5756","22,523"
Retiro - Suárez / Mitre,31,J. L. Suárez,58,Colegiales,47319,"-58,5759","-34,5351","-58,4477","-34,5731","22,523"
Retiro - Suárez / Mitre,31,J. L. Suárez,59,Belgrano R,125759,"-58,5759","-34,5351","-58,4628","-34,5676","22,523"
Retiro - Suárez / Mitre,31,J. L. Suárez,60,Drago,43064,"-58,5759","-34,5351","-58,4793","-34,5684","22,523"
Retiro - Suárez / Mitre,31,J. L. Suárez,61,Urquiza,277349,"-58,5759","-34,5351","-58,4875","-34,5744","22,523"
Retiro - Suárez / Mitre,31,J. L. Suárez,62,Pueyrredón,55096,"-58,5759","-34,5351","-58,5017","-34,5805","22,523"
Retiro - Suárez / Mitre,31,J. L. Suárez,63,Miguelete,92640,"-58,5759","-34,5351","-58,5172","-34,5811","22,523"
Retiro - Suárez / Mitre,31,J. L. Suárez,64,San Martín,193805,"-58,5759","-34,5351","-58,5316","-34,5736","22,523"
Retiro - Suárez / Mitre,31,J. L. Suárez,65,San Andrés,35096,"-58,5759","-34,5351","-58,5406","-34,5634","22,523"
Retiro - Suárez / Mitre,31,J. L. Suárez,66,Malaver,16787,"-58,5759","-34,5351","-58,5484","-34,5570","22,523"
Retiro - Suárez / Mitre,31,J. L. Suárez,67,V. Ballester,95810,"-58,5759","-34,5351","-58,5563","-34,5508","22,523"
Retiro - Suárez / Mitre,31,J. L. Suárez,68,Chilavert,15880,"-58,5759","-34,5351","-58,5672","-34,5420","22,523"
Retiro - Suárez / Mitre,31,J. L. Suárez,69,J. L. Suárez,8659,"-58,5759","-34,5351","-58,5759","-34,5351","22,523"
Retiro - Suárez / Mitre,31,J. L. Suárez,70,Coghlan,18,"-58,5759","-34,5351","-58,4752","-34,5652","22,523"
Retiro - Suárez / Mitre,31,J. L. Suárez,71,Saavedra,244,"-58,5759","-34,5351","-58,4870","-34,5540","22,523"
Retiro - Suárez / Mitre,31,J. L. Suárez,72,Juan B. Justo,20,"-58,5759","-34,5351","-58,4944","-34,5429","22,523"
Retiro - Suárez / Mitre,31,J. L. Suárez,73,Florida,63,"-58,5759","-34,5351","-58,4941","-34,5305","22,523"
Retiro - Suárez / Mitre,31,J. L. Suárez,74,Cetrángolo,32,"-58,5759","-34,5351","-58,4941","-34,5231","22,523"
Retiro - Suárez / Mitre,31,J. L. Suárez,75,Mitre,231,"-58,5759","-34,5351","-58,4891","-34,5151","22,523"
Retiro - Suárez / Mitre,32,Coghlan,55,Retiro (Suárez / Mitre),91303,"-58,4752","-34,5652","-58,3752","-34,5913","10,584"
Retiro - Suárez / Mitre,32,Coghlan,56,3 De febrero,5502,"-58,4752","-34,5652","-58,4255","-34,5720","10,584"
Retiro - Suárez / Mitre,32,Coghlan,57,Carranza,13009,"-58,4752","-34,5652","-58,4348","-34,5756","10,584"
Retiro - Suárez / Mitre,32,Coghlan,58,Colegiales,4649,"-58,4752","-34,5652","-58,4477","-34,5731","10,584"
Retiro - Suárez / Mitre,32,Coghlan,59,Belgrano R,11520,"-58,4752","-34,5652","-58,4628","-34,5676","10,584"
Retiro - Suárez / Mitre,32,Coghlan,60,Drago,65,"-58,4752","-34,5652","-58,4793","-34,5684","10,584"
Retiro - Suárez / Mitre,32,Coghlan,61,Urquiza,65,"-58,4752","-34,5652","-58,4875","-34,5744","10,584"
Retiro - Suárez / Mitre,32,Coghlan,62,Pueyrredón,14,"-58,4752","-34,5652","-58,5017","-34,5805","10,584"
Retiro - Suárez / Mitre,32,Coghlan,63,Miguelete,12,"-58,4752","-34,5652","-58,5172","-34,5811","10,584"
Retiro - Suárez / Mitre,32,Coghlan,64,San Martín,119,"-58,4752","-34,5652","-58,5316","-34,5736","10,584"
Retiro - Suárez / Mitre,32,Coghlan,65,San Andrés,4,"-58,4752","-34,5652","-58,5406","-34,5634","10,584"
Retiro - Suárez / Mitre,32,Coghlan,66,Malaver,1,"-58,4752","-34,5652","-58,5484","-34,5570","10,584"
Retiro - Suárez / Mitre,32,Coghlan,67,V. Ballester,62,"-58,4752","-34,5652","-58,5563","-34,5508","10,584"
Retiro - Suárez / Mitre,32,Coghlan,68,Chilavert,5,"-58,4752","-34,5652","-58,5672","-34,5420","10,584"
Retiro - Suárez / Mitre,32,Coghlan,69,J. L. Suárez,39,"-58,4752","-34,5652","-58,5759","-34,5351","10,584"
Retiro - Suárez / Mitre,32,Coghlan,70,Coghlan,3006,"-58,4752","-34,5652","-58,4752","-34,5652","10,584"
Retiro - Suárez / Mitre,32,Coghlan,71,Saavedra,906,"-58,4752","-34,5652","-58,4870","-34,5540","10,584"
Retiro - Suárez / Mitre,32,Coghlan,72,Juan B. Justo,1180,"-58,4752","-34,5652","-58,4944","-34,5429","10,584"
Retiro - Suárez / Mitre,32,Coghlan,73,Florida,2049,"-58,4752","-34,5652","-58,4941","-34,5305","10,584"
Retiro - Suárez / Mitre,32,Coghlan,74,Cetrángolo,900,"-58,4752","-34,5652","-58,4941","-34,5231","10,584"
Retiro - Suárez / Mitre,32,Coghlan,75,Mitre,15948,"-58,4752","-34,5652","-58,4891","-34,5151","10,584"
Retiro - Suárez / Mitre,33,Saavedra,55,Retiro (Suárez / Mitre),93399,"-58,4870","-34,5540","-58,3752","-34,5913","12,255"
Retiro - Suárez / Mitre,33,Saavedra,56,3 De febrero,3344,"-58,4870","-34,5540","-58,4255","-34,5720","12,255"
Retiro - Suárez / Mitre,33,Saavedra,57,Carranza,11998,"-58,4870","-34,5540","-58,4348","-34,5756","12,255"
Retiro - Suárez / Mitre,33,Saavedra,58,Colegiales,3119,"-58,4870","-34,5540","-58,4477","-34,5731","12,255"
Retiro - Suárez / Mitre,33,Saavedra,59,Belgrano R,7790,"-58,4870","-34,5540","-58,4628","-34,5676","12,255"
Retiro - Suárez / Mitre,33,Saavedra,60,Drago,7,"-58,4870","-34,5540","-58,4793","-34,5684","12,255"
Retiro - Suárez / Mitre,33,Saavedra,61,Urquiza,34,"-58,4870","-34,5540","-58,4875","-34,5744","12,255"
Retiro - Suárez / Mitre,33,Saavedra,62,Pueyrredón,10,"-58,4870","-34,5540","-58,5017","-34,5805","12,255"
Retiro - Suárez / Mitre,33,Saavedra,63,Miguelete,8,"-58,4870","-34,5540","-58,5172","-34,5811","12,255"
Retiro - Suárez / Mitre,33,Saavedra,64,San Martín,102,"-58,4870","-34,5540","-58,5316","-34,5736","12,255"
Retiro - Suárez / Mitre,33,Saavedra,65,San Andrés,5,"-58,4870","-34,5540","-58,5406","-34,5634","12,255"
Retiro - Suárez / Mitre,33,Saavedra,66,Malaver,1,"-58,4870","-34,5540","-58,5484","-34,5570","12,255"
Retiro - Suárez / Mitre,33,Saavedra,67,V. Ballester,34,"-58,4870","-34,5540","-58,5563","-34,5508","12,255"
Retiro - Suárez / Mitre,33,Saavedra,68,Chilavert,17,"-58,4870","-34,5540","-58,5672","-34,5420","12,255"
Retiro - Suárez / Mitre,33,Saavedra,69,J. L. Suárez,97,"-58,4870","-34,5540","-58,5759","-34,5351","12,255"
Retiro - Suárez / Mitre,33,Saavedra,70,Coghlan,1706,"-58,4870","-34,5540","-58,4752","-34,5652","12,255"
Retiro - Suárez / Mitre,33,Saavedra,71,Saavedra,474,"-58,4870","-34,5540","-58,4870","-34,5540","12,255"
Retiro - Suárez / Mitre,33,Saavedra,72,Juan B. Justo,513,"-58,4870","-34,5540","-58,4944","-34,5429","12,255"
Retiro - Suárez / Mitre,33,Saavedra,73,Florida,621,"-58,4870","-34,5540","-58,4941","-34,5305","12,255"
Retiro - Suárez / Mitre,33,Saavedra,74,Cetrángolo,307,"-58,4870","-34,5540","-58,4941","-34,5231","12,255"
Retiro - Suárez / Mitre,33,Saavedra,75,Mitre,8310,"-58,4870","-34,5540","-58,4891","-34,5151","12,255"
Retiro - Suárez / Mitre,34,Juan B. Justo,55,Retiro (Suárez / Mitre),38926,"-58,4944","-34,5429","-58,3752","-34,5913","13,74"
Retiro - Suárez / Mitre,34,Juan B. Justo,56,3 De febrero,2151,"-58,4944","-34,5429","-58,4255","-34,5720","13,74"
Retiro - Suárez / Mitre,34,Juan B. Justo,57,Carranza,10577,"-58,4944","-34,5429","-58,4348","-34,5756","13,74"
Retiro - Suárez / Mitre,34,Juan B. Justo,58,Colegiales,2060,"-58,4944","-34,5429","-58,4477","-34,5731","13,74"
Retiro - Suárez / Mitre,34,Juan B. Justo,59,Belgrano R,8108,"-58,4944","-34,5429","-58,4628","-34,5676","13,74"
Retiro - Suárez / Mitre,34,Juan B. Justo,60,Drago,0,"-58,4944","-34,5429","-58,4793","-34,5684","13,74"
Retiro - Suárez / Mitre,34,Juan B. Justo,61,Urquiza,87,"-58,4944","-34,5429","-58,4875","-34,5744","13,74"
Retiro - Suárez / Mitre,34,Juan B. Justo,62,Pueyrredón,8,"-58,4944","-34,5429","-58,5017","-34,5805","13,74"
Retiro - Suárez / Mitre,34,Juan B. Justo,63,Miguelete,21,"-58,4944","-34,5429","-58,5172","-34,5811","13,74"
Retiro - Suárez / Mitre,34,Juan B. Justo,64,San Martín,26,"-58,4944","-34,5429","-58,5316","-34,5736","13,74"
Retiro - Suárez / Mitre,34,Juan B. Justo,65,San Andrés,0,"-58,4944","-34,5429","-58,5406","-34,5634","13,74"
Retiro - Suárez / Mitre,34,Juan B. Justo,66,Malaver,0,"-58,4944","-34,5429","-58,5484","-34,5570","13,74"
Retiro - Suárez / Mitre,34,Juan B. Justo,67,V. Ballester,15,"-58,4944","-34,5429","-58,5563","-34,5508","13,74"
Retiro - Suárez / Mitre,34,Juan B. Justo,68,Chilavert,2,"-58,4944","-34,5429","-58,5672","-34,5420","13,74"
Retiro - Suárez / Mitre,34,Juan B. Justo,69,J. L. Suárez,4,"-58,4944","-34,5429","-58,5759","-34,5351","13,74"
Retiro - Suárez / Mitre,34,Juan B. Justo,70,Coghlan,2229,"-58,4944","-34,5429","-58,4752","-34,5652","13,74"
Retiro - Suárez / Mitre,34,Juan B. Justo,71,Saavedra,773,"-58,4944","-34,5429","-58,4870","-34,5540","13,74"
Retiro - Suárez / Mitre,34,Juan B. Justo,72,Juan B. Justo,448,"-58,4944","-34,5429","-58,4944","-34,5429","13,74"
Retiro - Suárez / Mitre,34,Juan B. Justo,73,Florida,292,"-58,4944","-34,5429","-58,4941","-34,5305","13,74"
Retiro - Suárez / Mitre,34,Juan B. Justo,74,Cetrángolo,783,"-58,4944","-34,5429","-58,4941","-34,5231","13,74"
Retiro - Suárez / Mitre,34,Juan B. Justo,75,Mitre,15397,"-58,4944","-34,5429","-58,4891","-34,5151","13,74"
Retiro - Suárez / Mitre,35,Florida,55,Retiro (Suárez / Mitre),41762,"-58,4941","-34,5305","-58,3752","-34,5913","15,114"
Retiro - Suárez / Mitre,35,Florida,56,3 De febrero,2279,"-58,4941","-34,5305","-58,4255","-34,5720","15,114"
Retiro - Suárez / Mitre,35,Florida,57,Carranza,10019,"-58,4941","-34,5305","-58,4348","-34,5756","15,114"
Retiro - Suárez / Mitre,35,Florida,58,Colegiales,1645,"-58,4941","-34,5305","-58,4477","-34,5731","15,114"
Retiro - Suárez / Mitre,35,Florida,59,Belgrano R,8423,"-58,4941","-34,5305","-58,4628","-34,5676","15,114"
Retiro - Suárez / Mitre,35,Florida,60,Drago,1,"-58,4941","-34,5305","-58,4793","-34,5684","15,114"
Retiro - Suárez / Mitre,35,Florida,61,Urquiza,205,"-58,4941","-34,5305","-58,4875","-34,5744","15,114"
Retiro - Suárez / Mitre,35,Florida,62,Pueyrredón,14,"-58,4941","-34,5305","-58,5017","-34,5805","15,114"
Retiro - Suárez / Mitre,35,Florida,63,Miguelete,5,"-58,4941","-34,5305","-58,5172","-34,5811","15,114"
Retiro - Suárez / Mitre,35,Florida,64,San Martín,5,"-58,4941","-34,5305","-58,5316","-34,5736","15,114"
Retiro - Suárez / Mitre,35,Florida,65,San Andrés,2,"-58,4941","-34,5305","-58,5406","-34,5634","15,114"
Retiro - Suárez / Mitre,35,Florida,66,Malaver,0,"-58,4941","-34,5305","-58,5484","-34,5570","15,114"
Retiro - Suárez / Mitre,35,Florida,67,V. Ballester,8,"-58,4941","-34,5305","-58,5563","-34,5508","15,114"
Retiro - Suárez / Mitre,35,Florida,68,Chilavert,6,"-58,4941","-34,5305","-58,5672","-34,5420","15,114"
Retiro - Suárez / Mitre,35,Florida,69,J. L. Suárez,73,"-58,4941","-34,5305","-58,5759","-34,5351","15,114"
Retiro - Suárez / Mitre,35,Florida,70,Coghlan,2980,"-58,4941","-34,5305","-58,4752","-34,5652","15,114"
Retiro - Suárez / Mitre,35,Florida,71,Saavedra,1390,"-58,4941","-34,5305","-58,4870","-34,5540","15,114"
Retiro - Suárez / Mitre,35,Florida,72,Juan B. Justo,523,"-58,4941","-34,5305","-58,4944","-34,5429","15,114"
Retiro - Suárez / Mitre,35,Florida,73,Florida,784,"-58,4941","-34,5305","-58,4941","-34,5305","15,114"
Retiro - Suárez / Mitre,35,Florida,74,Cetrángolo,120,"-58,4941","-34,5305","-58,4941","-34,5231","15,114"
Retiro - Suárez / Mitre,35,Florida,75,Mitre,8808,"-58,4941","-34,5305","-58,4891","-34,5151","15,114"
Retiro - Suárez / Mitre,36,Cetrángolo,55,Retiro (Suárez / Mitre),33032,"-58,4941","-34,5231","-58,3752","-34,5913","15,919"
Retiro - Suárez / Mitre,36,Cetrángolo,56,3 De febrero,2130,"-58,4941","-34,5231","-58,4255","-34,5720","15,919"
Retiro - Suárez / Mitre,36,Cetrángolo,57,Carranza,6509,"-58,4941","-34,5231","-58,4348","-34,5756","15,919"
Retiro - Suárez / Mitre,36,Cetrángolo,58,Colegiales,1420,"-58,4941","-34,5231","-58,4477","-34,5731","15,919"
Retiro - Suárez / Mitre,36,Cetrángolo,59,Belgrano R,5419,"-58,4941","-34,5231","-58,4628","-34,5676","15,919"
Retiro - Suárez / Mitre,36,Cetrángolo,60,Drago,2,"-58,4941","-34,5231","-58,4793","-34,5684","15,919"
Retiro - Suárez / Mitre,36,Cetrángolo,61,Urquiza,60,"-58,4941","-34,5231","-58,4875","-34,5744","15,919"
Retiro - Suárez / Mitre,36,Cetrángolo,62,Pueyrredón,17,"-58,4941","-34,5231","-58,5017","-34,5805","15,919"
Retiro - Suárez / Mitre,36,Cetrángolo,63,Miguelete,20,"-58,4941","-34,5231","-58,5172","-34,5811","15,919"
Retiro - Suárez / Mitre,36,Cetrángolo,64,San Martín,91,"-58,4941","-34,5231","-58,5316","-34,5736","15,919"
Retiro - Suárez / Mitre,36,Cetrángolo,65,San Andrés,2,"-58,4941","-34,5231","-58,5406","-34,5634","15,919"
Retiro - Suárez / Mitre,36,Cetrángolo,66,Malaver,0,"-58,4941","-34,5231","-58,5484","-34,5570","15,919"
Retiro - Suárez / Mitre,36,Cetrángolo,67,V. Ballester,4,"-58,4941","-34,5231","-58,5563","-34,5508","15,919"
Retiro - Suárez / Mitre,36,Cetrángolo,68,Chilavert,0,"-58,4941","-34,5231","-58,5672","-34,5420","15,919"
Retiro - Suárez / Mitre,36,Cetrángolo,69,J. L. Suárez,30,"-58,4941","-34,5231","-58,5759","-34,5351","15,919"
Retiro - Suárez / Mitre,36,Cetrángolo,70,Coghlan,2307,"-58,4941","-34,5231","-58,4752","-34,5652","15,919"
Retiro - Suárez / Mitre,36,Cetrángolo,71,Saavedra,939,"-58,4941","-34,5231","-58,4870","-34,5540","15,919"
Retiro - Suárez / Mitre,36,Cetrángolo,72,Juan B. Justo,835,"-58,4941","-34,5231","-58,4944","-34,5429","15,919"
Retiro - Suárez / Mitre,36,Cetrángolo,73,Florida,404,"-58,4941","-34,5231","-58,4941","-34,5305","15,919"
Retiro - Suárez / Mitre,36,Cetrángolo,74,Cetrángolo,691,"-58,4941","-34,5231","-58,4941","-34,5231","15,919"
Retiro - Suárez / Mitre,36,Cetrángolo,75,Mitre,3394,"-58,4941","-34,5231","-58,4891","-34,5151","15,919"
Retiro - Suárez / Mitre,37,Mitre,55,Retiro (Suárez / Mitre),81315,"-58,4891","-34,5151","-58,3752","-34,5913","16,938"
Retiro - Suárez / Mitre,37,Mitre,56,3 De febrero,6359,"-58,4891","-34,5151","-58,4255","-34,5720","16,938"
Retiro - Suárez / Mitre,37,Mitre,57,Carranza,14979,"-58,4891","-34,5151","-58,4348","-34,5756","16,938"
Retiro - Suárez / Mitre,37,Mitre,58,Colegiales,7300,"-58,4891","-34,5151","-58,4477","-34,5731","16,938"
Retiro - Suárez / Mitre,37,Mitre,59,Belgrano R,22914,"-58,4891","-34,5151","-58,4628","-34,5676","16,938"
Retiro - Suárez / Mitre,37,Mitre,60,Drago,78,"-58,4891","-34,5151","-58,4793","-34,5684","16,938"
Retiro - Suárez / Mitre,37,Mitre,61,Urquiza,186,"-58,4891","-34,5151","-58,4875","-34,5744","16,938"
Retiro - Suárez / Mitre,37,Mitre,62,Pueyrredón,301,"-58,4891","-34,5151","-58,5017","-34,5805","16,938"
Retiro - Suárez / Mitre,37,Mitre,63,Miguelete,121,"-58,4891","-34,5151","-58,5172","-34,5811","16,938"
Retiro - Suárez / Mitre,37,Mitre,64,San Martín,363,"-58,4891","-34,5151","-58,5316","-34,5736","16,938"
Retiro - Suárez / Mitre,37,Mitre,65,San Andrés,6,"-58,4891","-34,5151","-58,5406","-34,5634","16,938"
Retiro - Suárez / Mitre,37,Mitre,66,Malaver,5,"-58,4891","-34,5151","-58,5484","-34,5570","16,938"
Retiro - Suárez / Mitre,37,Mitre,67,V. Ballester,94,"-58,4891","-34,5151","-58,5563","-34,5508","16,938"
Retiro - Suárez / Mitre,37,Mitre,68,Chilavert,45,"-58,4891","-34,5151","-58,5672","-34,5420","16,938"
Retiro - Suárez / Mitre,37,Mitre,69,J. L. Suárez,113,"-58,4891","-34,5151","-58,5759","-34,5351","16,938"
Retiro - Suárez / Mitre,37,Mitre,70,Coghlan,17765,"-58,4891","-34,5151","-58,4752","-34,5652","16,938"
Retiro - Suárez / Mitre,37,Mitre,71,Saavedra,11037,"-58,4891","-34,5151","-58,4870","-34,5540","16,938"
Retiro - Suárez / Mitre,37,Mitre,72,Juan B. Justo,17737,"-58,4891","-34,5151","-58,4944","-34,5429","16,938"
Retiro - Suárez / Mitre,37,Mitre,73,Florida,10603,"-58,4891","-34,5151","-58,4941","-34,5305","16,938"
Retiro - Suárez / Mitre,37,Mitre,74,Cetrángolo,3321,"-58,4891","-34,5151","-58,4941","-34,5231","16,938"
Retiro - Suárez / Mitre,37,Mitre,75,Mitre,2924,"-58,4891","-34,5151","-58,4891","-34,5151","16,938"